2025-02-26 14:50:55,783 Worker rq:worker:2e48aeae34a74a92a5056b4873012fa8 started with PID 7889, version 1.15.1
2025-02-26 14:50:55,783 Subscribing to channel rq:pubsub:2e48aeae34a74a92a5056b4873012fa8
2025-02-26 14:50:55,784 *** Listening on home-dell-kalaerp:short, home-dell-kalaerp:default, home-dell-kalaerp:long...
2025-02-26 14:50:55,785 Cleaning registries for queue: home-dell-kalaerp:short
2025-02-26 14:50:55,786 Cleaning registries for queue: home-dell-kalaerp:default
2025-02-26 14:50:55,786 Cleaning registries for queue: home-dell-kalaerp:long
2025-02-26 14:53:35,939 Worker 2e48aeae34a74a92a5056b4873012fa8 [PID 7889]: warm shut down requested
2025-02-26 14:53:35,940 Unsubscribing from channel rq:pubsub:2e48aeae34a74a92a5056b4873012fa8
2025-02-26 14:54:06,295 Worker rq:worker:05e756681196494ea5493ad42b7ea743 started with PID 8063, version 1.15.1
2025-02-26 14:54:06,296 Subscribing to channel rq:pubsub:05e756681196494ea5493ad42b7ea743
2025-02-26 14:54:06,296 *** Listening on home-dell-kalaerp:short, home-dell-kalaerp:default, home-dell-kalaerp:long...
2025-02-26 14:56:38,081 home-dell-kalaerp:default: frappe.utils.background_jobs.execute_job(event=None, is_async=True, job_name='frappe.core.doctype.user.user.create_contact', kwargs={'user': <User: kala@trinitetech.com>, 'ignore_mandatory': True}, method='frappe.core.doctype.user.user.create_contact', site='kalaerp', user='Administrator') (kalaerp::d8ef59f4-9f02-4ddc-95de-04279bf57146)
2025-02-26 14:56:39,216 home-dell-kalaerp:default: Job OK (kalaerp::d8ef59f4-9f02-4ddc-95de-04279bf57146)
2025-02-26 14:56:39,217 Result is kept for 600 seconds
2025-02-26 14:56:39,225 home-dell-kalaerp:default: frappe.utils.background_jobs.execute_job(event=None, is_async=True, job_name='frappe.core.doctype.user.user.update_gravatar', kwargs={'name': 'kala@trinitetech.com'}, method='frappe.core.doctype.user.user.update_gravatar', site='kalaerp', user='Administrator') (kalaerp::ab1aed8e-a3c0-4380-b9ba-3468ed5df505)
2025-02-26 14:56:39,454 home-dell-kalaerp:default: Job OK (kalaerp::ab1aed8e-a3c0-4380-b9ba-3468ed5df505)
2025-02-26 14:56:39,454 Result is kept for 600 seconds
2025-02-26 14:57:07,132 home-dell-kalaerp:default: frappe.utils.background_jobs.execute_job(event=None, is_async=True, job_name='frappe.core.doctype.scheduled_job_type.scheduled_job_type.run_scheduled_jo..., kwargs={'job_type': 'frappe.utils.global_search.sync_global_search'}, method='frappe.core.doctype.scheduled_job_type.scheduled_job_type.run_scheduled_jo..., site='kalaerp', user='Administrator') (kalaerp::scheduled_job::frappe.utils.global_search.sync_global_search)
2025-02-26 14:57:07,779 home-dell-kalaerp:default: Job OK (kalaerp::scheduled_job::frappe.utils.global_search.sync_global_search)
2025-02-26 14:57:07,779 Result is kept for 600 seconds
2025-02-26 14:57:07,785 home-dell-kalaerp:default: frappe.utils.background_jobs.execute_job(event=None, is_async=True, job_name='frappe.core.doctype.scheduled_job_type.scheduled_job_type.run_scheduled_jo..., kwargs={'job_type': 'frappe.email.queue.flush'}, method='frappe.core.doctype.scheduled_job_type.scheduled_job_type.run_scheduled_jo..., site='kalaerp', user='Administrator') (kalaerp::scheduled_job::frappe.email.queue.flush)
2025-02-26 14:57:08,091 home-dell-kalaerp:default: Job OK (kalaerp::scheduled_job::frappe.email.queue.flush)
2025-02-26 14:57:08,091 Result is kept for 600 seconds
2025-02-26 14:57:08,100 home-dell-kalaerp:default: frappe.utils.background_jobs.execute_job(event=None, is_async=True, job_name='frappe.core.doctype.scheduled_job_type.scheduled_job_type.run_scheduled_jo..., kwargs={'job_type': 'frappe.twofactor.delete_all_barcodes_for_users'}, method='frappe.core.doctype.scheduled_job_type.scheduled_job_type.run_scheduled_jo..., site='kalaerp', user='Administrator') (kalaerp::scheduled_job::frappe.twofactor.delete_all_barcodes_for_users)
2025-02-26 14:57:08,342 home-dell-kalaerp:default: Job OK (kalaerp::scheduled_job::frappe.twofactor.delete_all_barcodes_for_users)
2025-02-26 14:57:08,342 Result is kept for 600 seconds
2025-02-26 14:57:08,348 home-dell-kalaerp:default: frappe.utils.background_jobs.execute_job(event=None, is_async=True, job_name='frappe.core.doctype.scheduled_job_type.scheduled_job_type.run_scheduled_jo..., kwargs={'job_type': 'erpnext.manufacturing.doctype.bom_update_log.bom_update_log.r..., method='frappe.core.doctype.scheduled_job_type.scheduled_job_type.run_scheduled_jo..., site='kalaerp', user='Administrator') (kalaerp::scheduled_job::erpnext.manufacturing.doctype.bom_update_log.bom_update_log.resume_bom_cost_update_jobs)
2025-02-26 14:57:08,609 home-dell-kalaerp:default: Job OK (kalaerp::scheduled_job::erpnext.manufacturing.doctype.bom_update_log.bom_update_log.resume_bom_cost_update_jobs)
2025-02-26 14:57:08,609 Result is kept for 600 seconds
2025-02-26 14:57:08,615 home-dell-kalaerp:default: frappe.utils.background_jobs.execute_job(event=None, is_async=True, job_name='frappe.core.doctype.scheduled_job_type.scheduled_job_type.run_scheduled_jo..., kwargs={'job_type': 'frappe.monitor.flush'}, method='frappe.core.doctype.scheduled_job_type.scheduled_job_type.run_scheduled_jo..., site='kalaerp', user='Administrator') (kalaerp::scheduled_job::frappe.monitor.flush)
2025-02-26 14:57:08,804 home-dell-kalaerp:default: Job OK (kalaerp::scheduled_job::frappe.monitor.flush)
2025-02-26 14:57:08,804 Result is kept for 600 seconds
2025-02-26 14:57:08,810 home-dell-kalaerp:default: frappe.utils.background_jobs.execute_job(event=None, is_async=True, job_name='frappe.core.doctype.scheduled_job_type.scheduled_job_type.run_scheduled_jo..., kwargs={'job_type': 'frappe.oauth.delete_oauth2_data'}, method='frappe.core.doctype.scheduled_job_type.scheduled_job_type.run_scheduled_jo..., site='kalaerp', user='Administrator') (kalaerp::scheduled_job::frappe.oauth.delete_oauth2_data)
2025-02-26 14:57:09,083 home-dell-kalaerp:default: Job OK (kalaerp::scheduled_job::frappe.oauth.delete_oauth2_data)
2025-02-26 14:57:09,083 Result is kept for 600 seconds
2025-02-26 14:57:09,089 home-dell-kalaerp:default: frappe.utils.background_jobs.execute_job(event=None, is_async=True, job_name='frappe.core.doctype.scheduled_job_type.scheduled_job_type.run_scheduled_jo..., kwargs={'job_type': 'frappe.website.doctype.web_page.web_page.check_publish_status..., method='frappe.core.doctype.scheduled_job_type.scheduled_job_type.run_scheduled_jo..., site='kalaerp', user='Administrator') (kalaerp::scheduled_job::frappe.website.doctype.web_page.web_page.check_publish_status)
2025-02-26 14:57:09,403 home-dell-kalaerp:default: Job OK (kalaerp::scheduled_job::frappe.website.doctype.web_page.web_page.check_publish_status)
2025-02-26 14:57:09,403 Result is kept for 600 seconds
2025-02-26 14:57:09,413 home-dell-kalaerp:default: frappe.utils.background_jobs.execute_job(event=None, is_async=True, job_name='frappe.core.doctype.scheduled_job_type.scheduled_job_type.run_scheduled_jo..., kwargs={'job_type': 'frappe.automation.doctype.reminder.reminder.send_reminders'}, method='frappe.core.doctype.scheduled_job_type.scheduled_job_type.run_scheduled_jo..., site='kalaerp', user='Administrator') (kalaerp::scheduled_job::frappe.automation.doctype.reminder.reminder.send_reminders)
2025-02-26 14:57:09,652 home-dell-kalaerp:default: Job OK (kalaerp::scheduled_job::frappe.automation.doctype.reminder.reminder.send_reminders)
2025-02-26 14:57:09,652 Result is kept for 600 seconds
2025-02-26 14:57:09,658 home-dell-kalaerp:default: frappe.utils.background_jobs.execute_job(event=None, is_async=True, job_name='frappe.core.doctype.scheduled_job_type.scheduled_job_type.run_scheduled_jo..., kwargs={'job_type': 'frappe.email.doctype.email_account.email_account.pull'}, method='frappe.core.doctype.scheduled_job_type.scheduled_job_type.run_scheduled_jo..., site='kalaerp', user='Administrator') (kalaerp::scheduled_job::frappe.email.doctype.email_account.email_account.pull)
2025-02-26 14:57:09,888 home-dell-kalaerp:default: Job OK (kalaerp::scheduled_job::frappe.email.doctype.email_account.email_account.pull)
2025-02-26 14:57:09,888 Result is kept for 600 seconds
2025-02-26 14:57:09,894 home-dell-kalaerp:default: frappe.utils.background_jobs.execute_job(event=None, is_async=True, job_name='frappe.core.doctype.scheduled_job_type.scheduled_job_type.run_scheduled_jo..., kwargs={'job_type': 'frappe.deferred_insert.save_to_db'}, method='frappe.core.doctype.scheduled_job_type.scheduled_job_type.run_scheduled_jo..., site='kalaerp', user='Administrator') (kalaerp::scheduled_job::frappe.deferred_insert.save_to_db)
2025-02-26 14:57:10,123 home-dell-kalaerp:default: Job OK (kalaerp::scheduled_job::frappe.deferred_insert.save_to_db)
2025-02-26 14:57:10,123 Result is kept for 600 seconds
2025-02-26 14:57:10,128 home-dell-kalaerp:default: frappe.utils.background_jobs.execute_job(event=None, is_async=True, job_name='frappe.core.doctype.scheduled_job_type.scheduled_job_type.run_scheduled_jo..., kwargs={'job_type': 'frappe.email.doctype.email_account.email_account.notify_unrep..., method='frappe.core.doctype.scheduled_job_type.scheduled_job_type.run_scheduled_jo..., site='kalaerp', user='Administrator') (kalaerp::scheduled_job::frappe.email.doctype.email_account.email_account.notify_unreplied)
2025-02-26 14:57:10,360 home-dell-kalaerp:default: Job OK (kalaerp::scheduled_job::frappe.email.doctype.email_account.email_account.notify_unreplied)
2025-02-26 14:57:10,360 Result is kept for 600 seconds
2025-02-26 14:58:34,604 Worker 05e756681196494ea5493ad42b7ea743 [PID 8063]: warm shut down requested
2025-02-26 14:58:34,607 Unsubscribing from channel rq:pubsub:05e756681196494ea5493ad42b7ea743
2025-02-26 15:01:12,236 Worker rq:worker:2fb05b442cb3452eba3456325d29e742 started with PID 9031, version 1.15.1
2025-02-26 15:01:12,236 Subscribing to channel rq:pubsub:2fb05b442cb3452eba3456325d29e742
2025-02-26 15:01:12,237 *** Listening on home-dell-kalaerp:short, home-dell-kalaerp:default, home-dell-kalaerp:long...
2025-02-26 15:02:13,233 home-dell-kalaerp:default: frappe.utils.background_jobs.execute_job(event=None, is_async=True, job_name='frappe.core.doctype.scheduled_job_type.scheduled_job_type.run_scheduled_jo..., kwargs={'job_type': 'frappe.website.doctype.web_page.web_page.check_publish_status..., method='frappe.core.doctype.scheduled_job_type.scheduled_job_type.run_scheduled_jo..., site='kalaerp', user='Administrator') (kalaerp::scheduled_job::frappe.website.doctype.web_page.web_page.check_publish_status)
2025-02-26 15:02:14,174 home-dell-kalaerp:default: Job OK (kalaerp::scheduled_job::frappe.website.doctype.web_page.web_page.check_publish_status)
2025-02-26 15:02:14,174 Result is kept for 600 seconds
2025-02-26 15:02:14,189 home-dell-kalaerp:default: frappe.utils.background_jobs.execute_job(event=None, is_async=True, job_name='frappe.core.doctype.scheduled_job_type.scheduled_job_type.run_scheduled_jo..., kwargs={'job_type': 'frappe.desk.page.backups.backups.delete_downloadable_backups'..., method='frappe.core.doctype.scheduled_job_type.scheduled_job_type.run_scheduled_jo..., site='kalaerp', user='Administrator') (kalaerp::scheduled_job::frappe.desk.page.backups.backups.delete_downloadable_backups)
2025-02-26 15:02:14,428 home-dell-kalaerp:default: Job OK (kalaerp::scheduled_job::frappe.desk.page.backups.backups.delete_downloadable_backups)
2025-02-26 15:02:14,428 Result is kept for 600 seconds
2025-02-26 15:02:14,434 home-dell-kalaerp:default: frappe.utils.background_jobs.execute_job(event=None, is_async=True, job_name='frappe.core.doctype.scheduled_job_type.scheduled_job_type.run_scheduled_jo..., kwargs={'job_type': 'frappe.integrations.doctype.google_calendar.google_calendar.s..., method='frappe.core.doctype.scheduled_job_type.scheduled_job_type.run_scheduled_jo..., site='kalaerp', user='Administrator') (kalaerp::scheduled_job::frappe.integrations.doctype.google_calendar.google_calendar.sync)
2025-02-26 15:02:14,929 home-dell-kalaerp:default: Job OK (kalaerp::scheduled_job::frappe.integrations.doctype.google_calendar.google_calendar.sync)
2025-02-26 15:02:14,929 Result is kept for 600 seconds
2025-02-26 15:02:14,935 home-dell-kalaerp:default: frappe.utils.background_jobs.execute_job(event=None, is_async=True, job_name='frappe.core.doctype.scheduled_job_type.scheduled_job_type.run_scheduled_jo..., kwargs={'job_type': 'frappe.email.doctype.newsletter.newsletter.send_scheduled_ema..., method='frappe.core.doctype.scheduled_job_type.scheduled_job_type.run_scheduled_jo..., site='kalaerp', user='Administrator') (kalaerp::scheduled_job::frappe.email.doctype.newsletter.newsletter.send_scheduled_email)
2025-02-26 15:02:15,247 home-dell-kalaerp:default: Job OK (kalaerp::scheduled_job::frappe.email.doctype.newsletter.newsletter.send_scheduled_email)
2025-02-26 15:02:15,247 Result is kept for 600 seconds
2025-02-26 15:02:15,254 home-dell-kalaerp:default: frappe.utils.background_jobs.execute_job(event=None, is_async=True, job_name='frappe.core.doctype.scheduled_job_type.scheduled_job_type.run_scheduled_jo..., kwargs={'job_type': 'frappe.model.utils.user_settings.sync_user_settings'}, method='frappe.core.doctype.scheduled_job_type.scheduled_job_type.run_scheduled_jo..., site='kalaerp', user='Administrator') (kalaerp::scheduled_job::frappe.model.utils.user_settings.sync_user_settings)
2025-02-26 15:02:15,489 home-dell-kalaerp:default: Job OK (kalaerp::scheduled_job::frappe.model.utils.user_settings.sync_user_settings)
2025-02-26 15:02:15,490 Result is kept for 600 seconds
2025-02-26 15:02:15,495 home-dell-kalaerp:default: frappe.utils.background_jobs.execute_job(event=None, is_async=True, job_name='frappe.core.doctype.scheduled_job_type.scheduled_job_type.run_scheduled_jo..., kwargs={'job_type': 'frappe.website.doctype.personal_data_deletion_request.persona..., method='frappe.core.doctype.scheduled_job_type.scheduled_job_type.run_scheduled_jo..., site='kalaerp', user='Administrator') (kalaerp::scheduled_job::frappe.website.doctype.personal_data_deletion_request.personal_data_deletion_request.process_data_deletion_request)
2025-02-26 15:02:15,841 home-dell-kalaerp:default: Job OK (kalaerp::scheduled_job::frappe.website.doctype.personal_data_deletion_request.personal_data_deletion_request.process_data_deletion_request)
2025-02-26 15:02:15,841 Result is kept for 600 seconds
2025-02-26 15:02:15,847 home-dell-kalaerp:default: frappe.utils.background_jobs.execute_job(event=None, is_async=True, job_name='frappe.core.doctype.scheduled_job_type.scheduled_job_type.run_scheduled_jo..., kwargs={'job_type': 'frappe.email.doctype.email_account.email_account.pull'}, method='frappe.core.doctype.scheduled_job_type.scheduled_job_type.run_scheduled_jo..., site='kalaerp', user='Administrator') (kalaerp::scheduled_job::frappe.email.doctype.email_account.email_account.pull)
2025-02-26 15:02:16,113 home-dell-kalaerp:default: Job OK (kalaerp::scheduled_job::frappe.email.doctype.email_account.email_account.pull)
2025-02-26 15:02:16,113 Result is kept for 600 seconds
2025-02-26 15:02:16,120 home-dell-kalaerp:default: frappe.utils.background_jobs.execute_job(event=None, is_async=True, job_name='frappe.core.doctype.scheduled_job_type.scheduled_job_type.run_scheduled_jo..., kwargs={'job_type': 'frappe.desk.form.document_follow.send_hourly_updates'}, method='frappe.core.doctype.scheduled_job_type.scheduled_job_type.run_scheduled_jo..., site='kalaerp', user='Administrator') (kalaerp::scheduled_job::frappe.desk.form.document_follow.send_hourly_updates)
2025-02-26 15:02:16,360 home-dell-kalaerp:default: Job OK (kalaerp::scheduled_job::frappe.desk.form.document_follow.send_hourly_updates)
2025-02-26 15:02:16,360 Result is kept for 600 seconds
2025-02-26 15:02:16,366 home-dell-kalaerp:default: frappe.utils.background_jobs.execute_job(event=None, is_async=True, job_name='frappe.core.doctype.scheduled_job_type.scheduled_job_type.run_scheduled_jo..., kwargs={'job_type': 'erpnext.manufacturing.doctype.bom_update_log.bom_update_log.r..., method='frappe.core.doctype.scheduled_job_type.scheduled_job_type.run_scheduled_jo..., site='kalaerp', user='Administrator') (kalaerp::scheduled_job::erpnext.manufacturing.doctype.bom_update_log.bom_update_log.resume_bom_cost_update_jobs)
2025-02-26 15:02:16,643 home-dell-kalaerp:default: Job OK (kalaerp::scheduled_job::erpnext.manufacturing.doctype.bom_update_log.bom_update_log.resume_bom_cost_update_jobs)
2025-02-26 15:02:16,643 Result is kept for 600 seconds
2025-02-26 15:02:16,650 home-dell-kalaerp:default: frappe.utils.background_jobs.execute_job(event=None, is_async=True, job_name='frappe.core.doctype.scheduled_job_type.scheduled_job_type.run_scheduled_jo..., kwargs={'job_type': 'erpnext.erpnext_integrations.doctype.plaid_settings.plaid_set..., method='frappe.core.doctype.scheduled_job_type.scheduled_job_type.run_scheduled_jo..., site='kalaerp', user='Administrator') (kalaerp::scheduled_job::erpnext.erpnext_integrations.doctype.plaid_settings.plaid_settings.automatic_synchronization)
2025-02-26 15:02:16,936 home-dell-kalaerp:default: Job OK (kalaerp::scheduled_job::erpnext.erpnext_integrations.doctype.plaid_settings.plaid_settings.automatic_synchronization)
2025-02-26 15:02:16,936 Result is kept for 600 seconds
2025-02-26 15:02:16,942 home-dell-kalaerp:default: frappe.utils.background_jobs.execute_job(event=None, is_async=True, job_name='frappe.core.doctype.scheduled_job_type.scheduled_job_type.run_scheduled_jo..., kwargs={'job_type': 'erpnext.projects.doctype.project.project.hourly_reminder'}, method='frappe.core.doctype.scheduled_job_type.scheduled_job_type.run_scheduled_jo..., site='kalaerp', user='Administrator') (kalaerp::scheduled_job::erpnext.projects.doctype.project.project.hourly_reminder)
2025-02-26 15:02:17,235 home-dell-kalaerp:default: Job OK (kalaerp::scheduled_job::erpnext.projects.doctype.project.project.hourly_reminder)
2025-02-26 15:02:17,235 Result is kept for 600 seconds
2025-02-26 15:02:17,241 home-dell-kalaerp:default: frappe.utils.background_jobs.execute_job(event=None, is_async=True, job_name='frappe.core.doctype.scheduled_job_type.scheduled_job_type.run_scheduled_jo..., kwargs={'job_type': 'frappe.oauth.delete_oauth2_data'}, method='frappe.core.doctype.scheduled_job_type.scheduled_job_type.run_scheduled_jo..., site='kalaerp', user='Administrator') (kalaerp::scheduled_job::frappe.oauth.delete_oauth2_data)
2025-02-26 15:02:17,487 home-dell-kalaerp:default: Job OK (kalaerp::scheduled_job::frappe.oauth.delete_oauth2_data)
2025-02-26 15:02:17,487 Result is kept for 600 seconds
2025-02-26 15:02:17,492 home-dell-kalaerp:default: frappe.utils.background_jobs.execute_job(event=None, is_async=True, job_name='frappe.core.doctype.scheduled_job_type.scheduled_job_type.run_scheduled_jo..., kwargs={'job_type': 'frappe.model.utils.link_count.update_link_count'}, method='frappe.core.doctype.scheduled_job_type.scheduled_job_type.run_scheduled_jo..., site='kalaerp', user='Administrator') (kalaerp::scheduled_job::frappe.model.utils.link_count.update_link_count)
2025-02-26 15:02:17,724 home-dell-kalaerp:default: Job OK (kalaerp::scheduled_job::frappe.model.utils.link_count.update_link_count)
2025-02-26 15:02:17,724 Result is kept for 600 seconds
2025-02-26 15:02:17,730 home-dell-kalaerp:default: frappe.utils.background_jobs.execute_job(event=None, is_async=True, job_name='frappe.core.doctype.scheduled_job_type.scheduled_job_type.run_scheduled_jo..., kwargs={'job_type': 'frappe.email.doctype.email_account.email_account.notify_unrep..., method='frappe.core.doctype.scheduled_job_type.scheduled_job_type.run_scheduled_jo..., site='kalaerp', user='Administrator') (kalaerp::scheduled_job::frappe.email.doctype.email_account.email_account.notify_unreplied)
2025-02-26 15:02:18,073 home-dell-kalaerp:default: Job OK (kalaerp::scheduled_job::frappe.email.doctype.email_account.email_account.notify_unreplied)
2025-02-26 15:02:18,073 Result is kept for 600 seconds
2025-02-26 15:02:18,081 home-dell-kalaerp:default: frappe.utils.background_jobs.execute_job(event=None, is_async=True, job_name='frappe.core.doctype.scheduled_job_type.scheduled_job_type.run_scheduled_jo..., kwargs={'job_type': 'frappe.email.queue.flush'}, method='frappe.core.doctype.scheduled_job_type.scheduled_job_type.run_scheduled_jo..., site='kalaerp', user='Administrator') (kalaerp::scheduled_job::frappe.email.queue.flush)
2025-02-26 15:02:18,383 home-dell-kalaerp:default: Job OK (kalaerp::scheduled_job::frappe.email.queue.flush)
2025-02-26 15:02:18,383 Result is kept for 600 seconds
2025-02-26 15:02:18,390 home-dell-kalaerp:default: frappe.utils.background_jobs.execute_job(event=None, is_async=True, job_name='frappe.core.doctype.scheduled_job_type.scheduled_job_type.run_scheduled_jo..., kwargs={'job_type': 'erpnext.utilities.doctype.video.video.update_youtube_data'}, method='frappe.core.doctype.scheduled_job_type.scheduled_job_type.run_scheduled_jo..., site='kalaerp', user='Administrator') (kalaerp::scheduled_job::erpnext.utilities.doctype.video.video.update_youtube_data)
2025-02-26 15:02:18,736 home-dell-kalaerp:default: Job OK (kalaerp::scheduled_job::erpnext.utilities.doctype.video.video.update_youtube_data)
2025-02-26 15:02:18,736 Result is kept for 600 seconds
2025-02-26 15:02:18,743 home-dell-kalaerp:default: frappe.utils.background_jobs.execute_job(event=None, is_async=True, job_name='frappe.core.doctype.scheduled_job_type.scheduled_job_type.run_scheduled_jo..., kwargs={'job_type': 'erpnext.projects.doctype.project.project.project_status_updat..., method='frappe.core.doctype.scheduled_job_type.scheduled_job_type.run_scheduled_jo..., site='kalaerp', user='Administrator') (kalaerp::scheduled_job::erpnext.projects.doctype.project.project.project_status_update_reminder)
2025-02-26 15:02:19,012 home-dell-kalaerp:default: Job OK (kalaerp::scheduled_job::erpnext.projects.doctype.project.project.project_status_update_reminder)
2025-02-26 15:02:19,012 Result is kept for 600 seconds
2025-02-26 15:02:19,022 home-dell-kalaerp:default: frappe.utils.background_jobs.execute_job(event=None, is_async=True, job_name='frappe.core.doctype.scheduled_job_type.scheduled_job_type.run_scheduled_jo..., kwargs={'job_type': 'frappe.utils.global_search.sync_global_search'}, method='frappe.core.doctype.scheduled_job_type.scheduled_job_type.run_scheduled_jo..., site='kalaerp', user='Administrator') (kalaerp::scheduled_job::frappe.utils.global_search.sync_global_search)
2025-02-26 15:02:19,262 home-dell-kalaerp:default: Job OK (kalaerp::scheduled_job::frappe.utils.global_search.sync_global_search)
2025-02-26 15:02:19,262 Result is kept for 600 seconds
2025-02-26 15:02:19,267 home-dell-kalaerp:default: frappe.utils.background_jobs.execute_job(event=None, is_async=True, job_name='frappe.core.doctype.scheduled_job_type.scheduled_job_type.run_scheduled_jo..., kwargs={'job_type': 'frappe.automation.doctype.reminder.reminder.send_reminders'}, method='frappe.core.doctype.scheduled_job_type.scheduled_job_type.run_scheduled_jo..., site='kalaerp', user='Administrator') (kalaerp::scheduled_job::frappe.automation.doctype.reminder.reminder.send_reminders)
2025-02-26 15:02:19,541 home-dell-kalaerp:default: Job OK (kalaerp::scheduled_job::frappe.automation.doctype.reminder.reminder.send_reminders)
2025-02-26 15:02:19,541 Result is kept for 600 seconds
2025-02-26 15:02:19,550 home-dell-kalaerp:default: frappe.utils.background_jobs.execute_job(event=None, is_async=True, job_name='frappe.core.doctype.scheduled_job_type.scheduled_job_type.run_scheduled_jo..., kwargs={'job_type': 'frappe.twofactor.delete_all_barcodes_for_users'}, method='frappe.core.doctype.scheduled_job_type.scheduled_job_type.run_scheduled_jo..., site='kalaerp', user='Administrator') (kalaerp::scheduled_job::frappe.twofactor.delete_all_barcodes_for_users)
2025-02-26 15:02:19,802 home-dell-kalaerp:default: Job OK (kalaerp::scheduled_job::frappe.twofactor.delete_all_barcodes_for_users)
2025-02-26 15:02:19,802 Result is kept for 600 seconds
2025-02-26 15:02:19,808 home-dell-kalaerp:default: frappe.utils.background_jobs.execute_job(event=None, is_async=True, job_name='frappe.core.doctype.scheduled_job_type.scheduled_job_type.run_scheduled_jo..., kwargs={'job_type': 'erpnext.projects.doctype.project.project.collect_project_stat..., method='frappe.core.doctype.scheduled_job_type.scheduled_job_type.run_scheduled_jo..., site='kalaerp', user='Administrator') (kalaerp::scheduled_job::erpnext.projects.doctype.project.project.collect_project_status)
2025-02-26 15:02:20,101 home-dell-kalaerp:default: Job OK (kalaerp::scheduled_job::erpnext.projects.doctype.project.project.collect_project_status)
2025-02-26 15:02:20,101 Result is kept for 600 seconds
2025-02-26 15:02:20,107 home-dell-kalaerp:default: frappe.utils.background_jobs.execute_job(event=None, is_async=True, job_name='frappe.core.doctype.scheduled_job_type.scheduled_job_type.run_scheduled_jo..., kwargs={'job_type': 'frappe.deferred_insert.save_to_db'}, method='frappe.core.doctype.scheduled_job_type.scheduled_job_type.run_scheduled_jo..., site='kalaerp', user='Administrator') (kalaerp::scheduled_job::frappe.deferred_insert.save_to_db)
2025-02-26 15:02:20,341 home-dell-kalaerp:default: Job OK (kalaerp::scheduled_job::frappe.deferred_insert.save_to_db)
2025-02-26 15:02:20,341 Result is kept for 600 seconds
2025-02-26 15:02:20,347 home-dell-kalaerp:default: frappe.utils.background_jobs.execute_job(event=None, is_async=True, job_name='frappe.core.doctype.scheduled_job_type.scheduled_job_type.run_scheduled_jo..., kwargs={'job_type': 'frappe.monitor.flush'}, method='frappe.core.doctype.scheduled_job_type.scheduled_job_type.run_scheduled_jo..., site='kalaerp', user='Administrator') (kalaerp::scheduled_job::frappe.monitor.flush)
2025-02-26 15:02:20,556 home-dell-kalaerp:default: Job OK (kalaerp::scheduled_job::frappe.monitor.flush)
2025-02-26 15:02:20,556 Result is kept for 600 seconds
2025-02-26 15:02:20,565 home-dell-kalaerp:long: frappe.utils.background_jobs.execute_job(event=None, is_async=True, job_name='frappe.core.doctype.scheduled_job_type.scheduled_job_type.run_scheduled_jo..., kwargs={'job_type': 'erpnext.stock.doctype.repost_item_valuation.repost_item_valua..., method='frappe.core.doctype.scheduled_job_type.scheduled_job_type.run_scheduled_jo..., site='kalaerp', user='Administrator') (kalaerp::scheduled_job::erpnext.stock.doctype.repost_item_valuation.repost_item_valuation.repost_entries)
2025-02-26 15:02:20,862 home-dell-kalaerp:long: Job OK (kalaerp::scheduled_job::erpnext.stock.doctype.repost_item_valuation.repost_item_valuation.repost_entries)
2025-02-26 15:02:20,862 Result is kept for 600 seconds
2025-02-26 15:02:38,011 Worker 2fb05b442cb3452eba3456325d29e742 [PID 9031]: warm shut down requested
2025-02-26 15:02:38,018 Unsubscribing from channel rq:pubsub:2fb05b442cb3452eba3456325d29e742
2025-02-26 15:02:41,619 Worker rq:worker:0db4958a7e214391b13c40f12e5c8718 started with PID 9202, version 1.15.1
2025-02-26 15:02:41,619 Subscribing to channel rq:pubsub:0db4958a7e214391b13c40f12e5c8718
2025-02-26 15:02:41,620 *** Listening on home-dell-kalaerp:short, home-dell-kalaerp:default, home-dell-kalaerp:long...
2025-02-26 15:04:42,539 home-dell-kalaerp:long: frappe.utils.background_jobs.execute_job(event=None, is_async=True, job_name='frappe.core.doctype.scheduled_job_type.scheduled_job_type.run_scheduled_jo..., kwargs={'job_type': 'erpnext.utilities.bulk_transaction.retry'}, method='frappe.core.doctype.scheduled_job_type.scheduled_job_type.run_scheduled_jo..., site='kalaerp', user='Administrator') (kalaerp::scheduled_job::erpnext.utilities.bulk_transaction.retry)
2025-02-26 15:04:42,835 home-dell-kalaerp:long: Job OK (kalaerp::scheduled_job::erpnext.utilities.bulk_transaction.retry)
2025-02-26 15:04:42,835 Result is kept for 600 seconds
2025-02-26 15:04:42,843 home-dell-kalaerp:default: frappe.utils.background_jobs.execute_job(event=None, is_async=True, job_name='frappe.core.doctype.scheduled_job_type.scheduled_job_type.run_scheduled_jo..., kwargs={'job_type': 'frappe.email.queue.flush'}, method='frappe.core.doctype.scheduled_job_type.scheduled_job_type.run_scheduled_jo..., site='kalaerp', user='Administrator') (kalaerp::scheduled_job::frappe.email.queue.flush)
2025-02-26 15:04:43,126 home-dell-kalaerp:default: Job OK (kalaerp::scheduled_job::frappe.email.queue.flush)
2025-02-26 15:04:43,126 Result is kept for 600 seconds
2025-02-26 15:04:43,132 home-dell-kalaerp:default: frappe.utils.background_jobs.execute_job(event=None, is_async=True, job_name='frappe.core.doctype.scheduled_job_type.scheduled_job_type.run_scheduled_jo..., kwargs={'job_type': 'frappe.monitor.flush'}, method='frappe.core.doctype.scheduled_job_type.scheduled_job_type.run_scheduled_jo..., site='kalaerp', user='Administrator') (kalaerp::scheduled_job::frappe.monitor.flush)
2025-02-26 15:04:43,349 home-dell-kalaerp:default: Job OK (kalaerp::scheduled_job::frappe.monitor.flush)
2025-02-26 15:04:43,349 Result is kept for 600 seconds
2025-02-26 15:08:43,922 home-dell-kalaerp:default: frappe.utils.background_jobs.execute_job(event=None, is_async=True, job_name='frappe.core.doctype.scheduled_job_type.scheduled_job_type.run_scheduled_jo..., kwargs={'job_type': 'frappe.monitor.flush'}, method='frappe.core.doctype.scheduled_job_type.scheduled_job_type.run_scheduled_jo..., site='kalaerp', user='Administrator') (kalaerp::scheduled_job::frappe.monitor.flush)
2025-02-26 15:08:44,133 home-dell-kalaerp:default: Job OK (kalaerp::scheduled_job::frappe.monitor.flush)
2025-02-26 15:08:44,133 Result is kept for 600 seconds
2025-02-26 15:08:44,138 home-dell-kalaerp:default: frappe.utils.background_jobs.execute_job(event=None, is_async=True, job_name='frappe.core.doctype.scheduled_job_type.scheduled_job_type.run_scheduled_jo..., kwargs={'job_type': 'frappe.email.queue.flush'}, method='frappe.core.doctype.scheduled_job_type.scheduled_job_type.run_scheduled_jo..., site='kalaerp', user='Administrator') (kalaerp::scheduled_job::frappe.email.queue.flush)
2025-02-26 15:08:44,411 home-dell-kalaerp:default: Job OK (kalaerp::scheduled_job::frappe.email.queue.flush)
2025-02-26 15:08:44,411 Result is kept for 600 seconds
2025-02-26 15:10:44,544 home-dell-kalaerp:default: frappe.utils.background_jobs.execute_job(event=None, is_async=True, job_name='frappe.core.doctype.scheduled_job_type.scheduled_job_type.run_scheduled_jo..., kwargs={'job_type': 'frappe.email.doctype.email_account.email_account.pull'}, method='frappe.core.doctype.scheduled_job_type.scheduled_job_type.run_scheduled_jo..., site='kalaerp', user='Administrator') (kalaerp::scheduled_job::frappe.email.doctype.email_account.email_account.pull)
2025-02-26 15:10:44,813 home-dell-kalaerp:default: Job OK (kalaerp::scheduled_job::frappe.email.doctype.email_account.email_account.pull)
2025-02-26 15:10:44,813 Result is kept for 600 seconds
2025-02-26 15:12:45,124 home-dell-kalaerp:default: frappe.utils.background_jobs.execute_job(event=None, is_async=True, job_name='frappe.core.doctype.scheduled_job_type.scheduled_job_type.run_scheduled_jo..., kwargs={'job_type': 'frappe.monitor.flush'}, method='frappe.core.doctype.scheduled_job_type.scheduled_job_type.run_scheduled_jo..., site='kalaerp', user='Administrator') (kalaerp::scheduled_job::frappe.monitor.flush)
2025-02-26 15:12:45,322 home-dell-kalaerp:default: Job OK (kalaerp::scheduled_job::frappe.monitor.flush)
2025-02-26 15:12:45,322 Result is kept for 600 seconds
2025-02-26 15:12:45,327 Cleaning registries for queue: home-dell-kalaerp:short
2025-02-26 15:12:45,328 Cleaning registries for queue: home-dell-kalaerp:default
2025-02-26 15:12:45,329 Cleaning registries for queue: home-dell-kalaerp:long
2025-02-26 15:12:45,331 home-dell-kalaerp:default: frappe.utils.background_jobs.execute_job(event=None, is_async=True, job_name='frappe.core.doctype.scheduled_job_type.scheduled_job_type.run_scheduled_jo..., kwargs={'job_type': 'frappe.email.queue.flush'}, method='frappe.core.doctype.scheduled_job_type.scheduled_job_type.run_scheduled_jo..., site='kalaerp', user='Administrator') (kalaerp::scheduled_job::frappe.email.queue.flush)
2025-02-26 15:12:45,596 home-dell-kalaerp:default: Job OK (kalaerp::scheduled_job::frappe.email.queue.flush)
2025-02-26 15:12:45,596 Result is kept for 600 seconds
2025-02-26 15:15:46,071 home-dell-kalaerp:default: frappe.utils.background_jobs.execute_job(event=None, is_async=True, job_name='frappe.core.doctype.scheduled_job_type.scheduled_job_type.run_scheduled_jo..., kwargs={'job_type': 'frappe.utils.global_search.sync_global_search'}, method='frappe.core.doctype.scheduled_job_type.scheduled_job_type.run_scheduled_jo..., site='kalaerp', user='Administrator') (kalaerp::scheduled_job::frappe.utils.global_search.sync_global_search)
2025-02-26 15:15:46,306 home-dell-kalaerp:default: Job OK (kalaerp::scheduled_job::frappe.utils.global_search.sync_global_search)
2025-02-26 15:15:46,306 Result is kept for 600 seconds
2025-02-26 15:15:46,311 home-dell-kalaerp:default: frappe.utils.background_jobs.execute_job(event=None, is_async=True, job_name='frappe.core.doctype.scheduled_job_type.scheduled_job_type.run_scheduled_jo..., kwargs={'job_type': 'frappe.website.doctype.web_page.web_page.check_publish_status..., method='frappe.core.doctype.scheduled_job_type.scheduled_job_type.run_scheduled_jo..., site='kalaerp', user='Administrator') (kalaerp::scheduled_job::frappe.website.doctype.web_page.web_page.check_publish_status)
2025-02-26 15:15:46,565 home-dell-kalaerp:default: Job OK (kalaerp::scheduled_job::frappe.website.doctype.web_page.web_page.check_publish_status)
2025-02-26 15:15:46,565 Result is kept for 600 seconds
2025-02-26 15:15:46,571 home-dell-kalaerp:default: frappe.utils.background_jobs.execute_job(event=None, is_async=True, job_name='frappe.core.doctype.scheduled_job_type.scheduled_job_type.run_scheduled_jo..., kwargs={'job_type': 'frappe.automation.doctype.reminder.reminder.send_reminders'}, method='frappe.core.doctype.scheduled_job_type.scheduled_job_type.run_scheduled_jo..., site='kalaerp', user='Administrator') (kalaerp::scheduled_job::frappe.automation.doctype.reminder.reminder.send_reminders)
2025-02-26 15:15:46,830 home-dell-kalaerp:default: Job OK (kalaerp::scheduled_job::frappe.automation.doctype.reminder.reminder.send_reminders)
2025-02-26 15:15:46,830 Result is kept for 600 seconds
2025-02-26 15:15:46,836 home-dell-kalaerp:default: frappe.utils.background_jobs.execute_job(event=None, is_async=True, job_name='frappe.core.doctype.scheduled_job_type.scheduled_job_type.run_scheduled_jo..., kwargs={'job_type': 'frappe.email.doctype.email_account.email_account.notify_unrep..., method='frappe.core.doctype.scheduled_job_type.scheduled_job_type.run_scheduled_jo..., site='kalaerp', user='Administrator') (kalaerp::scheduled_job::frappe.email.doctype.email_account.email_account.notify_unreplied)
2025-02-26 15:15:47,051 home-dell-kalaerp:default: Job OK (kalaerp::scheduled_job::frappe.email.doctype.email_account.email_account.notify_unreplied)
2025-02-26 15:15:47,051 Result is kept for 600 seconds
2025-02-26 15:15:47,057 home-dell-kalaerp:default: frappe.utils.background_jobs.execute_job(event=None, is_async=True, job_name='frappe.core.doctype.scheduled_job_type.scheduled_job_type.run_scheduled_jo..., kwargs={'job_type': 'frappe.deferred_insert.save_to_db'}, method='frappe.core.doctype.scheduled_job_type.scheduled_job_type.run_scheduled_jo..., site='kalaerp', user='Administrator') (kalaerp::scheduled_job::frappe.deferred_insert.save_to_db)
2025-02-26 15:15:47,366 home-dell-kalaerp:default: Job OK (kalaerp::scheduled_job::frappe.deferred_insert.save_to_db)
2025-02-26 15:15:47,366 Result is kept for 600 seconds
2025-02-26 15:15:47,371 home-dell-kalaerp:default: frappe.utils.background_jobs.execute_job(event=None, is_async=True, job_name='frappe.core.doctype.scheduled_job_type.scheduled_job_type.run_scheduled_jo..., kwargs={'job_type': 'erpnext.manufacturing.doctype.bom_update_log.bom_update_log.r..., method='frappe.core.doctype.scheduled_job_type.scheduled_job_type.run_scheduled_jo..., site='kalaerp', user='Administrator') (kalaerp::scheduled_job::erpnext.manufacturing.doctype.bom_update_log.bom_update_log.resume_bom_cost_update_jobs)
2025-02-26 15:15:47,606 home-dell-kalaerp:default: Job OK (kalaerp::scheduled_job::erpnext.manufacturing.doctype.bom_update_log.bom_update_log.resume_bom_cost_update_jobs)
2025-02-26 15:15:47,606 Result is kept for 600 seconds
2025-02-26 15:15:47,611 home-dell-kalaerp:default: frappe.utils.background_jobs.execute_job(event=None, is_async=True, job_name='frappe.core.doctype.scheduled_job_type.scheduled_job_type.run_scheduled_jo..., kwargs={'job_type': 'frappe.twofactor.delete_all_barcodes_for_users'}, method='frappe.core.doctype.scheduled_job_type.scheduled_job_type.run_scheduled_jo..., site='kalaerp', user='Administrator') (kalaerp::scheduled_job::frappe.twofactor.delete_all_barcodes_for_users)
2025-02-26 15:15:47,836 home-dell-kalaerp:default: Job OK (kalaerp::scheduled_job::frappe.twofactor.delete_all_barcodes_for_users)
2025-02-26 15:15:47,836 Result is kept for 600 seconds
2025-02-26 15:15:47,842 home-dell-kalaerp:default: frappe.utils.background_jobs.execute_job(event=None, is_async=True, job_name='frappe.core.doctype.scheduled_job_type.scheduled_job_type.run_scheduled_jo..., kwargs={'job_type': 'frappe.oauth.delete_oauth2_data'}, method='frappe.core.doctype.scheduled_job_type.scheduled_job_type.run_scheduled_jo..., site='kalaerp', user='Administrator') (kalaerp::scheduled_job::frappe.oauth.delete_oauth2_data)
2025-02-26 15:15:48,099 home-dell-kalaerp:default: Job OK (kalaerp::scheduled_job::frappe.oauth.delete_oauth2_data)
2025-02-26 15:15:48,099 Result is kept for 600 seconds
2025-02-26 15:16:46,464 home-dell-kalaerp:default: frappe.utils.background_jobs.execute_job(event=None, is_async=True, job_name='frappe.core.doctype.scheduled_job_type.scheduled_job_type.run_scheduled_jo..., kwargs={'job_type': 'frappe.email.queue.flush'}, method='frappe.core.doctype.scheduled_job_type.scheduled_job_type.run_scheduled_jo..., site='kalaerp', user='Administrator') (kalaerp::scheduled_job::frappe.email.queue.flush)
2025-02-26 15:16:46,734 home-dell-kalaerp:default: Job OK (kalaerp::scheduled_job::frappe.email.queue.flush)
2025-02-26 15:16:46,734 Result is kept for 600 seconds
2025-02-26 15:16:46,740 home-dell-kalaerp:default: frappe.utils.background_jobs.execute_job(event=None, is_async=True, job_name='frappe.core.doctype.scheduled_job_type.scheduled_job_type.run_scheduled_jo..., kwargs={'job_type': 'frappe.monitor.flush'}, method='frappe.core.doctype.scheduled_job_type.scheduled_job_type.run_scheduled_jo..., site='kalaerp', user='Administrator') (kalaerp::scheduled_job::frappe.monitor.flush)
2025-02-26 15:16:46,922 home-dell-kalaerp:default: Job OK (kalaerp::scheduled_job::frappe.monitor.flush)
2025-02-26 15:16:46,922 Result is kept for 600 seconds
2025-02-26 15:20:47,586 home-dell-kalaerp:default: frappe.utils.background_jobs.execute_job(event=None, is_async=True, job_name='frappe.core.doctype.scheduled_job_type.scheduled_job_type.run_scheduled_jo..., kwargs={'job_type': 'frappe.email.doctype.email_account.email_account.pull'}, method='frappe.core.doctype.scheduled_job_type.scheduled_job_type.run_scheduled_jo..., site='kalaerp', user='Administrator') (kalaerp::scheduled_job::frappe.email.doctype.email_account.email_account.pull)
2025-02-26 15:20:47,829 home-dell-kalaerp:default: Job OK (kalaerp::scheduled_job::frappe.email.doctype.email_account.email_account.pull)
2025-02-26 15:20:47,829 Result is kept for 600 seconds
2025-02-26 15:20:47,835 home-dell-kalaerp:default: frappe.utils.background_jobs.execute_job(event=None, is_async=True, job_name='frappe.core.doctype.scheduled_job_type.scheduled_job_type.run_scheduled_jo..., kwargs={'job_type': 'frappe.email.queue.flush'}, method='frappe.core.doctype.scheduled_job_type.scheduled_job_type.run_scheduled_jo..., site='kalaerp', user='Administrator') (kalaerp::scheduled_job::frappe.email.queue.flush)
2025-02-26 15:20:48,081 home-dell-kalaerp:default: Job OK (kalaerp::scheduled_job::frappe.email.queue.flush)
2025-02-26 15:20:48,081 Result is kept for 600 seconds
2025-02-26 15:20:48,087 home-dell-kalaerp:default: frappe.utils.background_jobs.execute_job(event=None, is_async=True, job_name='frappe.core.doctype.scheduled_job_type.scheduled_job_type.run_scheduled_jo..., kwargs={'job_type': 'frappe.monitor.flush'}, method='frappe.core.doctype.scheduled_job_type.scheduled_job_type.run_scheduled_jo..., site='kalaerp', user='Administrator') (kalaerp::scheduled_job::frappe.monitor.flush)
2025-02-26 15:20:48,262 home-dell-kalaerp:default: Job OK (kalaerp::scheduled_job::frappe.monitor.flush)
2025-02-26 15:20:48,262 Result is kept for 600 seconds
2025-02-26 15:24:48,847 home-dell-kalaerp:default: frappe.utils.background_jobs.execute_job(event=None, is_async=True, job_name='frappe.core.doctype.scheduled_job_type.scheduled_job_type.run_scheduled_jo..., kwargs={'job_type': 'frappe.monitor.flush'}, method='frappe.core.doctype.scheduled_job_type.scheduled_job_type.run_scheduled_jo..., site='kalaerp', user='Administrator') (kalaerp::scheduled_job::frappe.monitor.flush)
2025-02-26 15:24:49,035 home-dell-kalaerp:default: Job OK (kalaerp::scheduled_job::frappe.monitor.flush)
2025-02-26 15:24:49,035 Result is kept for 600 seconds
2025-02-26 15:24:49,041 home-dell-kalaerp:default: frappe.utils.background_jobs.execute_job(event=None, is_async=True, job_name='frappe.core.doctype.scheduled_job_type.scheduled_job_type.run_scheduled_jo..., kwargs={'job_type': 'frappe.email.queue.flush'}, method='frappe.core.doctype.scheduled_job_type.scheduled_job_type.run_scheduled_jo..., site='kalaerp', user='Administrator') (kalaerp::scheduled_job::frappe.email.queue.flush)
2025-02-26 15:24:49,299 home-dell-kalaerp:default: Job OK (kalaerp::scheduled_job::frappe.email.queue.flush)
2025-02-26 15:24:49,299 Result is kept for 600 seconds
2025-02-26 15:28:50,047 home-dell-kalaerp:default: frappe.utils.background_jobs.execute_job(event=None, is_async=True, job_name='frappe.core.doctype.scheduled_job_type.scheduled_job_type.run_scheduled_jo..., kwargs={'job_type': 'frappe.monitor.flush'}, method='frappe.core.doctype.scheduled_job_type.scheduled_job_type.run_scheduled_jo..., site='kalaerp', user='Administrator') (kalaerp::scheduled_job::frappe.monitor.flush)
2025-02-26 15:28:50,250 home-dell-kalaerp:default: Job OK (kalaerp::scheduled_job::frappe.monitor.flush)
2025-02-26 15:28:50,251 Result is kept for 600 seconds
2025-02-26 15:28:50,256 home-dell-kalaerp:default: frappe.utils.background_jobs.execute_job(event=None, is_async=True, job_name='frappe.core.doctype.scheduled_job_type.scheduled_job_type.run_scheduled_jo..., kwargs={'job_type': 'frappe.email.queue.flush'}, method='frappe.core.doctype.scheduled_job_type.scheduled_job_type.run_scheduled_jo..., site='kalaerp', user='Administrator') (kalaerp::scheduled_job::frappe.email.queue.flush)
2025-02-26 15:28:50,531 home-dell-kalaerp:default: Job OK (kalaerp::scheduled_job::frappe.email.queue.flush)
2025-02-26 15:28:50,531 Result is kept for 600 seconds
2025-02-26 15:30:50,647 home-dell-kalaerp:default: frappe.utils.background_jobs.execute_job(event=None, is_async=True, job_name='frappe.core.doctype.scheduled_job_type.scheduled_job_type.run_scheduled_jo..., kwargs={'job_type': 'erpnext.manufacturing.doctype.bom_update_log.bom_update_log.r..., method='frappe.core.doctype.scheduled_job_type.scheduled_job_type.run_scheduled_jo..., site='kalaerp', user='Administrator') (kalaerp::scheduled_job::erpnext.manufacturing.doctype.bom_update_log.bom_update_log.resume_bom_cost_update_jobs)
2025-02-26 15:30:50,904 home-dell-kalaerp:default: Job OK (kalaerp::scheduled_job::erpnext.manufacturing.doctype.bom_update_log.bom_update_log.resume_bom_cost_update_jobs)
2025-02-26 15:30:50,904 Result is kept for 600 seconds
2025-02-26 15:30:50,910 home-dell-kalaerp:default: frappe.utils.background_jobs.execute_job(event=None, is_async=True, job_name='frappe.core.doctype.scheduled_job_type.scheduled_job_type.run_scheduled_jo..., kwargs={'job_type': 'frappe.core.doctype.prepared_report.prepared_report.expire_st..., method='frappe.core.doctype.scheduled_job_type.scheduled_job_type.run_scheduled_jo..., site='kalaerp', user='Administrator') (kalaerp::scheduled_job::frappe.core.doctype.prepared_report.prepared_report.expire_stalled_report)
2025-02-26 15:30:51,145 home-dell-kalaerp:default: Job OK (kalaerp::scheduled_job::frappe.core.doctype.prepared_report.prepared_report.expire_stalled_report)
2025-02-26 15:30:51,145 Result is kept for 600 seconds
2025-02-26 15:30:51,150 home-dell-kalaerp:default: frappe.utils.background_jobs.execute_job(event=None, is_async=True, job_name='frappe.core.doctype.scheduled_job_type.scheduled_job_type.run_scheduled_jo..., kwargs={'job_type': 'frappe.email.doctype.email_account.email_account.pull'}, method='frappe.core.doctype.scheduled_job_type.scheduled_job_type.run_scheduled_jo..., site='kalaerp', user='Administrator') (kalaerp::scheduled_job::frappe.email.doctype.email_account.email_account.pull)
2025-02-26 15:30:51,408 home-dell-kalaerp:default: Job OK (kalaerp::scheduled_job::frappe.email.doctype.email_account.email_account.pull)
2025-02-26 15:30:51,408 Result is kept for 600 seconds
2025-02-26 15:30:51,414 home-dell-kalaerp:default: frappe.utils.background_jobs.execute_job(event=None, is_async=True, job_name='frappe.core.doctype.scheduled_job_type.scheduled_job_type.run_scheduled_jo..., kwargs={'job_type': 'frappe.website.doctype.web_page.web_page.check_publish_status..., method='frappe.core.doctype.scheduled_job_type.scheduled_job_type.run_scheduled_jo..., site='kalaerp', user='Administrator') (kalaerp::scheduled_job::frappe.website.doctype.web_page.web_page.check_publish_status)
2025-02-26 15:30:51,743 home-dell-kalaerp:default: Job OK (kalaerp::scheduled_job::frappe.website.doctype.web_page.web_page.check_publish_status)
2025-02-26 15:30:51,743 Result is kept for 600 seconds
2025-02-26 15:30:51,750 home-dell-kalaerp:default: frappe.utils.background_jobs.execute_job(event=None, is_async=True, job_name='frappe.core.doctype.scheduled_job_type.scheduled_job_type.run_scheduled_jo..., kwargs={'job_type': 'frappe.email.doctype.email_account.email_account.notify_unrep..., method='frappe.core.doctype.scheduled_job_type.scheduled_job_type.run_scheduled_jo..., site='kalaerp', user='Administrator') (kalaerp::scheduled_job::frappe.email.doctype.email_account.email_account.notify_unreplied)
2025-02-26 15:30:51,993 home-dell-kalaerp:default: Job OK (kalaerp::scheduled_job::frappe.email.doctype.email_account.email_account.notify_unreplied)
2025-02-26 15:30:51,993 Result is kept for 600 seconds
2025-02-26 15:30:51,998 home-dell-kalaerp:default: frappe.utils.background_jobs.execute_job(event=None, is_async=True, job_name='frappe.core.doctype.scheduled_job_type.scheduled_job_type.run_scheduled_jo..., kwargs={'job_type': 'frappe.automation.doctype.reminder.reminder.send_reminders'}, method='frappe.core.doctype.scheduled_job_type.scheduled_job_type.run_scheduled_jo..., site='kalaerp', user='Administrator') (kalaerp::scheduled_job::frappe.automation.doctype.reminder.reminder.send_reminders)
2025-02-26 15:30:52,270 home-dell-kalaerp:default: Job OK (kalaerp::scheduled_job::frappe.automation.doctype.reminder.reminder.send_reminders)
2025-02-26 15:30:52,271 Result is kept for 600 seconds
2025-02-26 15:30:52,278 home-dell-kalaerp:default: frappe.utils.background_jobs.execute_job(event=None, is_async=True, job_name='frappe.core.doctype.scheduled_job_type.scheduled_job_type.run_scheduled_jo..., kwargs={'job_type': 'frappe.twofactor.delete_all_barcodes_for_users'}, method='frappe.core.doctype.scheduled_job_type.scheduled_job_type.run_scheduled_jo..., site='kalaerp', user='Administrator') (kalaerp::scheduled_job::frappe.twofactor.delete_all_barcodes_for_users)
2025-02-26 15:30:52,557 home-dell-kalaerp:default: Job OK (kalaerp::scheduled_job::frappe.twofactor.delete_all_barcodes_for_users)
2025-02-26 15:30:52,558 Result is kept for 600 seconds
2025-02-26 15:30:52,565 home-dell-kalaerp:default: frappe.utils.background_jobs.execute_job(event=None, is_async=True, job_name='frappe.core.doctype.scheduled_job_type.scheduled_job_type.run_scheduled_jo..., kwargs={'job_type': 'erpnext.utilities.doctype.video.video.update_youtube_data'}, method='frappe.core.doctype.scheduled_job_type.scheduled_job_type.run_scheduled_jo..., site='kalaerp', user='Administrator') (kalaerp::scheduled_job::erpnext.utilities.doctype.video.video.update_youtube_data)
2025-02-26 15:30:52,899 home-dell-kalaerp:default: Job OK (kalaerp::scheduled_job::erpnext.utilities.doctype.video.video.update_youtube_data)
2025-02-26 15:30:52,899 Result is kept for 600 seconds
2025-02-26 15:30:52,905 home-dell-kalaerp:default: frappe.utils.background_jobs.execute_job(event=None, is_async=True, job_name='frappe.core.doctype.scheduled_job_type.scheduled_job_type.run_scheduled_jo..., kwargs={'job_type': 'frappe.utils.global_search.sync_global_search'}, method='frappe.core.doctype.scheduled_job_type.scheduled_job_type.run_scheduled_jo..., site='kalaerp', user='Administrator') (kalaerp::scheduled_job::frappe.utils.global_search.sync_global_search)
2025-02-26 15:30:53,129 home-dell-kalaerp:default: Job OK (kalaerp::scheduled_job::frappe.utils.global_search.sync_global_search)
2025-02-26 15:30:53,129 Result is kept for 600 seconds
2025-02-26 15:30:53,135 home-dell-kalaerp:default: frappe.utils.background_jobs.execute_job(event=None, is_async=True, job_name='frappe.core.doctype.scheduled_job_type.scheduled_job_type.run_scheduled_jo..., kwargs={'job_type': 'frappe.oauth.delete_oauth2_data'}, method='frappe.core.doctype.scheduled_job_type.scheduled_job_type.run_scheduled_jo..., site='kalaerp', user='Administrator') (kalaerp::scheduled_job::frappe.oauth.delete_oauth2_data)
2025-02-26 15:30:53,375 home-dell-kalaerp:default: Job OK (kalaerp::scheduled_job::frappe.oauth.delete_oauth2_data)
2025-02-26 15:30:53,375 Result is kept for 600 seconds
2025-02-26 15:30:53,381 home-dell-kalaerp:default: frappe.utils.background_jobs.execute_job(event=None, is_async=True, job_name='frappe.core.doctype.scheduled_job_type.scheduled_job_type.run_scheduled_jo..., kwargs={'job_type': 'erpnext.accounts.doctype.gl_entry.gl_entry.rename_gle_sle_doc..., method='frappe.core.doctype.scheduled_job_type.scheduled_job_type.run_scheduled_jo..., site='kalaerp', user='Administrator') (kalaerp::scheduled_job::erpnext.accounts.doctype.gl_entry.gl_entry.rename_gle_sle_docs)
2025-02-26 15:30:53,716 home-dell-kalaerp:default: Job OK (kalaerp::scheduled_job::erpnext.accounts.doctype.gl_entry.gl_entry.rename_gle_sle_docs)
2025-02-26 15:30:53,716 Result is kept for 600 seconds
2025-02-26 15:30:53,721 home-dell-kalaerp:default: frappe.utils.background_jobs.execute_job(event=None, is_async=True, job_name='frappe.core.doctype.scheduled_job_type.scheduled_job_type.run_scheduled_jo..., kwargs={'job_type': 'frappe.deferred_insert.save_to_db'}, method='frappe.core.doctype.scheduled_job_type.scheduled_job_type.run_scheduled_jo..., site='kalaerp', user='Administrator') (kalaerp::scheduled_job::frappe.deferred_insert.save_to_db)
2025-02-26 15:30:53,978 home-dell-kalaerp:default: Job OK (kalaerp::scheduled_job::frappe.deferred_insert.save_to_db)
2025-02-26 15:30:53,978 Result is kept for 600 seconds
2025-02-26 15:32:51,412 home-dell-kalaerp:default: frappe.utils.background_jobs.execute_job(event=None, is_async=True, job_name='frappe.core.doctype.scheduled_job_type.scheduled_job_type.run_scheduled_jo..., kwargs={'job_type': 'frappe.email.queue.flush'}, method='frappe.core.doctype.scheduled_job_type.scheduled_job_type.run_scheduled_jo..., site='kalaerp', user='Administrator') (kalaerp::scheduled_job::frappe.email.queue.flush)
2025-02-26 15:32:51,693 home-dell-kalaerp:default: Job OK (kalaerp::scheduled_job::frappe.email.queue.flush)
2025-02-26 15:32:51,693 Result is kept for 600 seconds
2025-02-26 15:32:51,698 home-dell-kalaerp:default: frappe.utils.background_jobs.execute_job(event=None, is_async=True, job_name='frappe.core.doctype.scheduled_job_type.scheduled_job_type.run_scheduled_jo..., kwargs={'job_type': 'frappe.monitor.flush'}, method='frappe.core.doctype.scheduled_job_type.scheduled_job_type.run_scheduled_jo..., site='kalaerp', user='Administrator') (kalaerp::scheduled_job::frappe.monitor.flush)
2025-02-26 15:32:51,879 home-dell-kalaerp:default: Job OK (kalaerp::scheduled_job::frappe.monitor.flush)
2025-02-26 15:32:51,879 Result is kept for 600 seconds
2025-02-26 15:36:52,563 home-dell-kalaerp:default: frappe.utils.background_jobs.execute_job(event=None, is_async=True, job_name='frappe.core.doctype.scheduled_job_type.scheduled_job_type.run_scheduled_jo..., kwargs={'job_type': 'frappe.email.queue.flush'}, method='frappe.core.doctype.scheduled_job_type.scheduled_job_type.run_scheduled_jo..., site='kalaerp', user='Administrator') (kalaerp::scheduled_job::frappe.email.queue.flush)
2025-02-26 15:36:52,824 home-dell-kalaerp:default: Job OK (kalaerp::scheduled_job::frappe.email.queue.flush)
2025-02-26 15:36:52,824 Result is kept for 600 seconds
2025-02-26 15:36:52,830 Cleaning registries for queue: home-dell-kalaerp:short
2025-02-26 15:36:52,831 Cleaning registries for queue: home-dell-kalaerp:default
2025-02-26 15:36:52,831 Cleaning registries for queue: home-dell-kalaerp:long
2025-02-26 15:36:52,833 home-dell-kalaerp:default: frappe.utils.background_jobs.execute_job(event=None, is_async=True, job_name='frappe.core.doctype.scheduled_job_type.scheduled_job_type.run_scheduled_jo..., kwargs={'job_type': 'frappe.monitor.flush'}, method='frappe.core.doctype.scheduled_job_type.scheduled_job_type.run_scheduled_jo..., site='kalaerp', user='Administrator') (kalaerp::scheduled_job::frappe.monitor.flush)
2025-02-26 15:36:53,012 home-dell-kalaerp:default: Job OK (kalaerp::scheduled_job::frappe.monitor.flush)
2025-02-26 15:36:53,012 Result is kept for 600 seconds
2025-02-26 15:40:53,808 home-dell-kalaerp:default: frappe.utils.background_jobs.execute_job(event=None, is_async=True, job_name='frappe.core.doctype.scheduled_job_type.scheduled_job_type.run_scheduled_jo..., kwargs={'job_type': 'frappe.monitor.flush'}, method='frappe.core.doctype.scheduled_job_type.scheduled_job_type.run_scheduled_jo..., site='kalaerp', user='Administrator') (kalaerp::scheduled_job::frappe.monitor.flush)
2025-02-26 15:40:54,083 home-dell-kalaerp:default: Job OK (kalaerp::scheduled_job::frappe.monitor.flush)
2025-02-26 15:40:54,084 Result is kept for 600 seconds
2025-02-26 15:40:54,091 home-dell-kalaerp:default: frappe.utils.background_jobs.execute_job(event=None, is_async=True, job_name='frappe.core.doctype.scheduled_job_type.scheduled_job_type.run_scheduled_jo..., kwargs={'job_type': 'frappe.email.doctype.email_account.email_account.pull'}, method='frappe.core.doctype.scheduled_job_type.scheduled_job_type.run_scheduled_jo..., site='kalaerp', user='Administrator') (kalaerp::scheduled_job::frappe.email.doctype.email_account.email_account.pull)
2025-02-26 15:40:54,426 home-dell-kalaerp:default: Job OK (kalaerp::scheduled_job::frappe.email.doctype.email_account.email_account.pull)
2025-02-26 15:40:54,426 Result is kept for 600 seconds
2025-02-26 15:40:54,433 home-dell-kalaerp:default: frappe.utils.background_jobs.execute_job(event=None, is_async=True, job_name='frappe.core.doctype.scheduled_job_type.scheduled_job_type.run_scheduled_jo..., kwargs={'job_type': 'frappe.email.queue.flush'}, method='frappe.core.doctype.scheduled_job_type.scheduled_job_type.run_scheduled_jo..., site='kalaerp', user='Administrator') (kalaerp::scheduled_job::frappe.email.queue.flush)
2025-02-26 15:40:54,779 home-dell-kalaerp:default: Job OK (kalaerp::scheduled_job::frappe.email.queue.flush)
2025-02-26 15:40:54,779 Result is kept for 600 seconds
2025-02-26 15:44:55,096 home-dell-kalaerp:default: frappe.utils.background_jobs.execute_job(event=None, is_async=True, job_name='frappe.core.doctype.scheduled_job_type.scheduled_job_type.run_scheduled_jo..., kwargs={'job_type': 'frappe.email.queue.flush'}, method='frappe.core.doctype.scheduled_job_type.scheduled_job_type.run_scheduled_jo..., site='kalaerp', user='Administrator') (kalaerp::scheduled_job::frappe.email.queue.flush)
2025-02-26 15:44:55,367 home-dell-kalaerp:default: Job OK (kalaerp::scheduled_job::frappe.email.queue.flush)
2025-02-26 15:44:55,367 Result is kept for 600 seconds
2025-02-26 15:44:55,376 home-dell-kalaerp:default: frappe.utils.background_jobs.execute_job(event=None, is_async=True, job_name='frappe.core.doctype.scheduled_job_type.scheduled_job_type.run_scheduled_jo..., kwargs={'job_type': 'frappe.monitor.flush'}, method='frappe.core.doctype.scheduled_job_type.scheduled_job_type.run_scheduled_jo..., site='kalaerp', user='Administrator') (kalaerp::scheduled_job::frappe.monitor.flush)
2025-02-26 15:44:55,553 home-dell-kalaerp:default: Job OK (kalaerp::scheduled_job::frappe.monitor.flush)
2025-02-26 15:44:55,553 Result is kept for 600 seconds
2025-02-26 15:45:55,269 home-dell-kalaerp:default: frappe.utils.background_jobs.execute_job(event=None, is_async=True, job_name='frappe.core.doctype.scheduled_job_type.scheduled_job_type.run_scheduled_jo..., kwargs={'job_type': 'frappe.utils.global_search.sync_global_search'}, method='frappe.core.doctype.scheduled_job_type.scheduled_job_type.run_scheduled_jo..., site='kalaerp', user='Administrator') (kalaerp::scheduled_job::frappe.utils.global_search.sync_global_search)
2025-02-26 15:45:55,507 home-dell-kalaerp:default: Job OK (kalaerp::scheduled_job::frappe.utils.global_search.sync_global_search)
2025-02-26 15:45:55,507 Result is kept for 600 seconds
2025-02-26 15:45:55,514 home-dell-kalaerp:default: frappe.utils.background_jobs.execute_job(event=None, is_async=True, job_name='frappe.core.doctype.scheduled_job_type.scheduled_job_type.run_scheduled_jo..., kwargs={'job_type': 'frappe.twofactor.delete_all_barcodes_for_users'}, method='frappe.core.doctype.scheduled_job_type.scheduled_job_type.run_scheduled_jo..., site='kalaerp', user='Administrator') (kalaerp::scheduled_job::frappe.twofactor.delete_all_barcodes_for_users)
2025-02-26 15:45:55,738 home-dell-kalaerp:default: Job OK (kalaerp::scheduled_job::frappe.twofactor.delete_all_barcodes_for_users)
2025-02-26 15:45:55,738 Result is kept for 600 seconds
2025-02-26 15:45:55,743 home-dell-kalaerp:default: frappe.utils.background_jobs.execute_job(event=None, is_async=True, job_name='frappe.core.doctype.scheduled_job_type.scheduled_job_type.run_scheduled_jo..., kwargs={'job_type': 'frappe.deferred_insert.save_to_db'}, method='frappe.core.doctype.scheduled_job_type.scheduled_job_type.run_scheduled_jo..., site='kalaerp', user='Administrator') (kalaerp::scheduled_job::frappe.deferred_insert.save_to_db)
2025-02-26 15:45:55,951 home-dell-kalaerp:default: Job OK (kalaerp::scheduled_job::frappe.deferred_insert.save_to_db)
2025-02-26 15:45:55,951 Result is kept for 600 seconds
2025-02-26 15:45:55,958 home-dell-kalaerp:default: frappe.utils.background_jobs.execute_job(event=None, is_async=True, job_name='frappe.core.doctype.scheduled_job_type.scheduled_job_type.run_scheduled_jo..., kwargs={'job_type': 'frappe.website.doctype.web_page.web_page.check_publish_status..., method='frappe.core.doctype.scheduled_job_type.scheduled_job_type.run_scheduled_jo..., site='kalaerp', user='Administrator') (kalaerp::scheduled_job::frappe.website.doctype.web_page.web_page.check_publish_status)
2025-02-26 15:45:56,221 home-dell-kalaerp:default: Job OK (kalaerp::scheduled_job::frappe.website.doctype.web_page.web_page.check_publish_status)
2025-02-26 15:45:56,221 Result is kept for 600 seconds
2025-02-26 15:45:56,227 home-dell-kalaerp:default: frappe.utils.background_jobs.execute_job(event=None, is_async=True, job_name='frappe.core.doctype.scheduled_job_type.scheduled_job_type.run_scheduled_jo..., kwargs={'job_type': 'frappe.email.doctype.email_account.email_account.notify_unrep..., method='frappe.core.doctype.scheduled_job_type.scheduled_job_type.run_scheduled_jo..., site='kalaerp', user='Administrator') (kalaerp::scheduled_job::frappe.email.doctype.email_account.email_account.notify_unreplied)
2025-02-26 15:45:56,450 home-dell-kalaerp:default: Job OK (kalaerp::scheduled_job::frappe.email.doctype.email_account.email_account.notify_unreplied)
2025-02-26 15:45:56,450 Result is kept for 600 seconds
2025-02-26 15:45:56,456 home-dell-kalaerp:default: frappe.utils.background_jobs.execute_job(event=None, is_async=True, job_name='frappe.core.doctype.scheduled_job_type.scheduled_job_type.run_scheduled_jo..., kwargs={'job_type': 'erpnext.manufacturing.doctype.bom_update_log.bom_update_log.r..., method='frappe.core.doctype.scheduled_job_type.scheduled_job_type.run_scheduled_jo..., site='kalaerp', user='Administrator') (kalaerp::scheduled_job::erpnext.manufacturing.doctype.bom_update_log.bom_update_log.resume_bom_cost_update_jobs)
2025-02-26 15:45:56,657 home-dell-kalaerp:default: Job OK (kalaerp::scheduled_job::erpnext.manufacturing.doctype.bom_update_log.bom_update_log.resume_bom_cost_update_jobs)
2025-02-26 15:45:56,657 Result is kept for 600 seconds
2025-02-26 15:45:56,665 home-dell-kalaerp:default: frappe.utils.background_jobs.execute_job(event=None, is_async=True, job_name='frappe.core.doctype.scheduled_job_type.scheduled_job_type.run_scheduled_jo..., kwargs={'job_type': 'frappe.automation.doctype.reminder.reminder.send_reminders'}, method='frappe.core.doctype.scheduled_job_type.scheduled_job_type.run_scheduled_jo..., site='kalaerp', user='Administrator') (kalaerp::scheduled_job::frappe.automation.doctype.reminder.reminder.send_reminders)
2025-02-26 15:45:56,868 home-dell-kalaerp:default: Job OK (kalaerp::scheduled_job::frappe.automation.doctype.reminder.reminder.send_reminders)
2025-02-26 15:45:56,868 Result is kept for 600 seconds
2025-02-26 15:45:56,873 home-dell-kalaerp:default: frappe.utils.background_jobs.execute_job(event=None, is_async=True, job_name='frappe.core.doctype.scheduled_job_type.scheduled_job_type.run_scheduled_jo..., kwargs={'job_type': 'frappe.oauth.delete_oauth2_data'}, method='frappe.core.doctype.scheduled_job_type.scheduled_job_type.run_scheduled_jo..., site='kalaerp', user='Administrator') (kalaerp::scheduled_job::frappe.oauth.delete_oauth2_data)
2025-02-26 15:45:57,087 home-dell-kalaerp:default: Job OK (kalaerp::scheduled_job::frappe.oauth.delete_oauth2_data)
2025-02-26 15:45:57,088 Result is kept for 600 seconds
2025-02-26 15:48:56,143 home-dell-kalaerp:default: frappe.utils.background_jobs.execute_job(event=None, is_async=True, job_name='frappe.core.doctype.scheduled_job_type.scheduled_job_type.run_scheduled_jo..., kwargs={'job_type': 'frappe.monitor.flush'}, method='frappe.core.doctype.scheduled_job_type.scheduled_job_type.run_scheduled_jo..., site='kalaerp', user='Administrator') (kalaerp::scheduled_job::frappe.monitor.flush)
2025-02-26 15:48:56,344 home-dell-kalaerp:default: Job OK (kalaerp::scheduled_job::frappe.monitor.flush)
2025-02-26 15:48:56,345 Result is kept for 600 seconds
2025-02-26 15:48:56,351 home-dell-kalaerp:default: frappe.utils.background_jobs.execute_job(event=None, is_async=True, job_name='frappe.core.doctype.scheduled_job_type.scheduled_job_type.run_scheduled_jo..., kwargs={'job_type': 'frappe.email.queue.flush'}, method='frappe.core.doctype.scheduled_job_type.scheduled_job_type.run_scheduled_jo..., site='kalaerp', user='Administrator') (kalaerp::scheduled_job::frappe.email.queue.flush)
2025-02-26 15:48:56,621 home-dell-kalaerp:default: Job OK (kalaerp::scheduled_job::frappe.email.queue.flush)
2025-02-26 15:48:56,622 Result is kept for 600 seconds
2025-02-26 15:50:56,797 home-dell-kalaerp:default: frappe.utils.background_jobs.execute_job(event=None, is_async=True, job_name='frappe.core.doctype.scheduled_job_type.scheduled_job_type.run_scheduled_jo..., kwargs={'job_type': 'frappe.email.doctype.email_account.email_account.pull'}, method='frappe.core.doctype.scheduled_job_type.scheduled_job_type.run_scheduled_jo..., site='kalaerp', user='Administrator') (kalaerp::scheduled_job::frappe.email.doctype.email_account.email_account.pull)
2025-02-26 15:50:57,027 home-dell-kalaerp:default: Job OK (kalaerp::scheduled_job::frappe.email.doctype.email_account.email_account.pull)
2025-02-26 15:50:57,027 Result is kept for 600 seconds
2025-02-26 15:52:57,394 home-dell-kalaerp:default: frappe.utils.background_jobs.execute_job(event=None, is_async=True, job_name='frappe.core.doctype.scheduled_job_type.scheduled_job_type.run_scheduled_jo..., kwargs={'job_type': 'frappe.email.queue.flush'}, method='frappe.core.doctype.scheduled_job_type.scheduled_job_type.run_scheduled_jo..., site='kalaerp', user='Administrator') (kalaerp::scheduled_job::frappe.email.queue.flush)
2025-02-26 15:52:57,669 home-dell-kalaerp:default: Job OK (kalaerp::scheduled_job::frappe.email.queue.flush)
2025-02-26 15:52:57,669 Result is kept for 600 seconds
2025-02-26 15:52:57,675 home-dell-kalaerp:default: frappe.utils.background_jobs.execute_job(event=None, is_async=True, job_name='frappe.core.doctype.scheduled_job_type.scheduled_job_type.run_scheduled_jo..., kwargs={'job_type': 'frappe.monitor.flush'}, method='frappe.core.doctype.scheduled_job_type.scheduled_job_type.run_scheduled_jo..., site='kalaerp', user='Administrator') (kalaerp::scheduled_job::frappe.monitor.flush)
2025-02-26 15:52:57,865 home-dell-kalaerp:default: Job OK (kalaerp::scheduled_job::frappe.monitor.flush)
2025-02-26 15:52:57,866 Result is kept for 600 seconds
2025-02-26 15:56:58,466 home-dell-kalaerp:default: frappe.utils.background_jobs.execute_job(event=None, is_async=True, job_name='frappe.core.doctype.scheduled_job_type.scheduled_job_type.run_scheduled_jo..., kwargs={'job_type': 'frappe.monitor.flush'}, method='frappe.core.doctype.scheduled_job_type.scheduled_job_type.run_scheduled_jo..., site='kalaerp', user='Administrator') (kalaerp::scheduled_job::frappe.monitor.flush)
2025-02-26 15:56:58,670 home-dell-kalaerp:default: Job OK (kalaerp::scheduled_job::frappe.monitor.flush)
2025-02-26 15:56:58,670 Result is kept for 600 seconds
2025-02-26 15:56:58,676 home-dell-kalaerp:default: frappe.utils.background_jobs.execute_job(event=None, is_async=True, job_name='frappe.core.doctype.scheduled_job_type.scheduled_job_type.run_scheduled_jo..., kwargs={'job_type': 'frappe.email.queue.flush'}, method='frappe.core.doctype.scheduled_job_type.scheduled_job_type.run_scheduled_jo..., site='kalaerp', user='Administrator') (kalaerp::scheduled_job::frappe.email.queue.flush)
2025-02-26 15:56:58,943 home-dell-kalaerp:default: Job OK (kalaerp::scheduled_job::frappe.email.queue.flush)
2025-02-26 15:56:58,943 Result is kept for 600 seconds
2025-02-26 16:00:59,614 home-dell-kalaerp:default: frappe.utils.background_jobs.execute_job(event=None, is_async=True, job_name='frappe.core.doctype.scheduled_job_type.scheduled_job_type.run_scheduled_jo..., kwargs={'job_type': 'frappe.model.utils.link_count.update_link_count'}, method='frappe.core.doctype.scheduled_job_type.scheduled_job_type.run_scheduled_jo..., site='kalaerp', user='Administrator') (kalaerp::scheduled_job::frappe.model.utils.link_count.update_link_count)
2025-02-26 16:00:59,860 home-dell-kalaerp:default: Job OK (kalaerp::scheduled_job::frappe.model.utils.link_count.update_link_count)
2025-02-26 16:00:59,860 Result is kept for 600 seconds
2025-02-26 16:00:59,868 Cleaning registries for queue: home-dell-kalaerp:short
2025-02-26 16:00:59,870 Cleaning registries for queue: home-dell-kalaerp:default
2025-02-26 16:00:59,871 Cleaning registries for queue: home-dell-kalaerp:long
2025-02-26 16:00:59,873 home-dell-kalaerp:default: frappe.utils.background_jobs.execute_job(event=None, is_async=True, job_name='frappe.core.doctype.scheduled_job_type.scheduled_job_type.run_scheduled_jo..., kwargs={'job_type': 'erpnext.projects.doctype.project.project.project_status_updat..., method='frappe.core.doctype.scheduled_job_type.scheduled_job_type.run_scheduled_jo..., site='kalaerp', user='Administrator') (kalaerp::scheduled_job::erpnext.projects.doctype.project.project.project_status_update_reminder)
2025-02-26 16:01:00,144 home-dell-kalaerp:default: Job OK (kalaerp::scheduled_job::erpnext.projects.doctype.project.project.project_status_update_reminder)
2025-02-26 16:01:00,145 Result is kept for 600 seconds
2025-02-26 16:01:00,150 home-dell-kalaerp:default: frappe.utils.background_jobs.execute_job(event=None, is_async=True, job_name='frappe.core.doctype.scheduled_job_type.scheduled_job_type.run_scheduled_jo..., kwargs={'job_type': 'frappe.website.doctype.personal_data_deletion_request.persona..., method='frappe.core.doctype.scheduled_job_type.scheduled_job_type.run_scheduled_jo..., site='kalaerp', user='Administrator') (kalaerp::scheduled_job::frappe.website.doctype.personal_data_deletion_request.personal_data_deletion_request.process_data_deletion_request)
2025-02-26 16:01:00,394 home-dell-kalaerp:default: Job OK (kalaerp::scheduled_job::frappe.website.doctype.personal_data_deletion_request.personal_data_deletion_request.process_data_deletion_request)
2025-02-26 16:01:00,394 Result is kept for 600 seconds
2025-02-26 16:01:00,399 home-dell-kalaerp:default: frappe.utils.background_jobs.execute_job(event=None, is_async=True, job_name='frappe.core.doctype.scheduled_job_type.scheduled_job_type.run_scheduled_jo..., kwargs={'job_type': 'frappe.email.doctype.email_account.email_account.pull'}, method='frappe.core.doctype.scheduled_job_type.scheduled_job_type.run_scheduled_jo..., site='kalaerp', user='Administrator') (kalaerp::scheduled_job::frappe.email.doctype.email_account.email_account.pull)
2025-02-26 16:01:00,626 home-dell-kalaerp:default: Job OK (kalaerp::scheduled_job::frappe.email.doctype.email_account.email_account.pull)
2025-02-26 16:01:00,626 Result is kept for 600 seconds
2025-02-26 16:01:00,631 home-dell-kalaerp:default: frappe.utils.background_jobs.execute_job(event=None, is_async=True, job_name='frappe.core.doctype.scheduled_job_type.scheduled_job_type.run_scheduled_jo..., kwargs={'job_type': 'frappe.email.doctype.email_account.email_account.notify_unrep..., method='frappe.core.doctype.scheduled_job_type.scheduled_job_type.run_scheduled_jo..., site='kalaerp', user='Administrator') (kalaerp::scheduled_job::frappe.email.doctype.email_account.email_account.notify_unreplied)
2025-02-26 16:01:00,855 home-dell-kalaerp:default: Job OK (kalaerp::scheduled_job::frappe.email.doctype.email_account.email_account.notify_unreplied)
2025-02-26 16:01:00,855 Result is kept for 600 seconds
2025-02-26 16:01:00,861 home-dell-kalaerp:default: frappe.utils.background_jobs.execute_job(event=None, is_async=True, job_name='frappe.core.doctype.scheduled_job_type.scheduled_job_type.run_scheduled_jo..., kwargs={'job_type': 'erpnext.projects.doctype.project.project.hourly_reminder'}, method='frappe.core.doctype.scheduled_job_type.scheduled_job_type.run_scheduled_jo..., site='kalaerp', user='Administrator') (kalaerp::scheduled_job::erpnext.projects.doctype.project.project.hourly_reminder)
2025-02-26 16:01:01,094 home-dell-kalaerp:default: Job OK (kalaerp::scheduled_job::erpnext.projects.doctype.project.project.hourly_reminder)
2025-02-26 16:01:01,094 Result is kept for 600 seconds
2025-02-26 16:01:01,100 home-dell-kalaerp:default: frappe.utils.background_jobs.execute_job(event=None, is_async=True, job_name='frappe.core.doctype.scheduled_job_type.scheduled_job_type.run_scheduled_jo..., kwargs={'job_type': 'frappe.desk.page.backups.backups.delete_downloadable_backups'..., method='frappe.core.doctype.scheduled_job_type.scheduled_job_type.run_scheduled_jo..., site='kalaerp', user='Administrator') (kalaerp::scheduled_job::frappe.desk.page.backups.backups.delete_downloadable_backups)
2025-02-26 16:01:01,317 home-dell-kalaerp:default: Job OK (kalaerp::scheduled_job::frappe.desk.page.backups.backups.delete_downloadable_backups)
2025-02-26 16:01:01,317 Result is kept for 600 seconds
2025-02-26 16:01:01,323 home-dell-kalaerp:default: frappe.utils.background_jobs.execute_job(event=None, is_async=True, job_name='frappe.core.doctype.scheduled_job_type.scheduled_job_type.run_scheduled_jo..., kwargs={'job_type': 'erpnext.projects.doctype.project.project.collect_project_stat..., method='frappe.core.doctype.scheduled_job_type.scheduled_job_type.run_scheduled_jo..., site='kalaerp', user='Administrator') (kalaerp::scheduled_job::erpnext.projects.doctype.project.project.collect_project_status)
2025-02-26 16:01:01,575 home-dell-kalaerp:default: Job OK (kalaerp::scheduled_job::erpnext.projects.doctype.project.project.collect_project_status)
2025-02-26 16:01:01,575 Result is kept for 600 seconds
2025-02-26 16:01:01,580 home-dell-kalaerp:default: frappe.utils.background_jobs.execute_job(event=None, is_async=True, job_name='frappe.core.doctype.scheduled_job_type.scheduled_job_type.run_scheduled_jo..., kwargs={'job_type': 'frappe.monitor.flush'}, method='frappe.core.doctype.scheduled_job_type.scheduled_job_type.run_scheduled_jo..., site='kalaerp', user='Administrator') (kalaerp::scheduled_job::frappe.monitor.flush)
2025-02-26 16:01:01,766 home-dell-kalaerp:default: Job OK (kalaerp::scheduled_job::frappe.monitor.flush)
2025-02-26 16:01:01,766 Result is kept for 600 seconds
2025-02-26 16:01:01,772 home-dell-kalaerp:default: frappe.utils.background_jobs.execute_job(event=None, is_async=True, job_name='frappe.core.doctype.scheduled_job_type.scheduled_job_type.run_scheduled_jo..., kwargs={'job_type': 'frappe.email.doctype.newsletter.newsletter.send_scheduled_ema..., method='frappe.core.doctype.scheduled_job_type.scheduled_job_type.run_scheduled_jo..., site='kalaerp', user='Administrator') (kalaerp::scheduled_job::frappe.email.doctype.newsletter.newsletter.send_scheduled_email)
2025-02-26 16:01:02,030 home-dell-kalaerp:default: Job OK (kalaerp::scheduled_job::frappe.email.doctype.newsletter.newsletter.send_scheduled_email)
2025-02-26 16:01:02,030 Result is kept for 600 seconds
2025-02-26 16:01:02,036 home-dell-kalaerp:default: frappe.utils.background_jobs.execute_job(event=None, is_async=True, job_name='frappe.core.doctype.scheduled_job_type.scheduled_job_type.run_scheduled_jo..., kwargs={'job_type': 'frappe.deferred_insert.save_to_db'}, method='frappe.core.doctype.scheduled_job_type.scheduled_job_type.run_scheduled_jo..., site='kalaerp', user='Administrator') (kalaerp::scheduled_job::frappe.deferred_insert.save_to_db)
2025-02-26 16:01:02,252 home-dell-kalaerp:default: Job OK (kalaerp::scheduled_job::frappe.deferred_insert.save_to_db)
2025-02-26 16:01:02,252 Result is kept for 600 seconds
2025-02-26 16:01:02,258 home-dell-kalaerp:default: frappe.utils.background_jobs.execute_job(event=None, is_async=True, job_name='frappe.core.doctype.scheduled_job_type.scheduled_job_type.run_scheduled_jo..., kwargs={'job_type': 'frappe.email.queue.flush'}, method='frappe.core.doctype.scheduled_job_type.scheduled_job_type.run_scheduled_jo..., site='kalaerp', user='Administrator') (kalaerp::scheduled_job::frappe.email.queue.flush)
2025-02-26 16:01:02,540 home-dell-kalaerp:default: Job OK (kalaerp::scheduled_job::frappe.email.queue.flush)
2025-02-26 16:01:02,540 Result is kept for 600 seconds
2025-02-26 16:01:02,546 home-dell-kalaerp:default: frappe.utils.background_jobs.execute_job(event=None, is_async=True, job_name='frappe.core.doctype.scheduled_job_type.scheduled_job_type.run_scheduled_jo..., kwargs={'job_type': 'erpnext.manufacturing.doctype.bom_update_log.bom_update_log.r..., method='frappe.core.doctype.scheduled_job_type.scheduled_job_type.run_scheduled_jo..., site='kalaerp', user='Administrator') (kalaerp::scheduled_job::erpnext.manufacturing.doctype.bom_update_log.bom_update_log.resume_bom_cost_update_jobs)
2025-02-26 16:01:02,773 home-dell-kalaerp:default: Job OK (kalaerp::scheduled_job::erpnext.manufacturing.doctype.bom_update_log.bom_update_log.resume_bom_cost_update_jobs)
2025-02-26 16:01:02,774 Result is kept for 600 seconds
2025-02-26 16:01:02,779 home-dell-kalaerp:default: frappe.utils.background_jobs.execute_job(event=None, is_async=True, job_name='frappe.core.doctype.scheduled_job_type.scheduled_job_type.run_scheduled_jo..., kwargs={'job_type': 'frappe.oauth.delete_oauth2_data'}, method='frappe.core.doctype.scheduled_job_type.scheduled_job_type.run_scheduled_jo..., site='kalaerp', user='Administrator') (kalaerp::scheduled_job::frappe.oauth.delete_oauth2_data)
2025-02-26 16:01:03,010 home-dell-kalaerp:default: Job OK (kalaerp::scheduled_job::frappe.oauth.delete_oauth2_data)
2025-02-26 16:01:03,010 Result is kept for 600 seconds
2025-02-26 16:01:03,016 home-dell-kalaerp:default: frappe.utils.background_jobs.execute_job(event=None, is_async=True, job_name='frappe.core.doctype.scheduled_job_type.scheduled_job_type.run_scheduled_jo..., kwargs={'job_type': 'frappe.twofactor.delete_all_barcodes_for_users'}, method='frappe.core.doctype.scheduled_job_type.scheduled_job_type.run_scheduled_jo..., site='kalaerp', user='Administrator') (kalaerp::scheduled_job::frappe.twofactor.delete_all_barcodes_for_users)
2025-02-26 16:01:03,241 home-dell-kalaerp:default: Job OK (kalaerp::scheduled_job::frappe.twofactor.delete_all_barcodes_for_users)
2025-02-26 16:01:03,241 Result is kept for 600 seconds
2025-02-26 16:01:03,248 home-dell-kalaerp:default: frappe.utils.background_jobs.execute_job(event=None, is_async=True, job_name='frappe.core.doctype.scheduled_job_type.scheduled_job_type.run_scheduled_jo..., kwargs={'job_type': 'frappe.website.doctype.web_page.web_page.check_publish_status..., method='frappe.core.doctype.scheduled_job_type.scheduled_job_type.run_scheduled_jo..., site='kalaerp', user='Administrator') (kalaerp::scheduled_job::frappe.website.doctype.web_page.web_page.check_publish_status)
2025-02-26 16:01:03,532 home-dell-kalaerp:default: Job OK (kalaerp::scheduled_job::frappe.website.doctype.web_page.web_page.check_publish_status)
2025-02-26 16:01:03,532 Result is kept for 600 seconds
2025-02-26 16:01:03,538 home-dell-kalaerp:default: frappe.utils.background_jobs.execute_job(event=None, is_async=True, job_name='frappe.core.doctype.scheduled_job_type.scheduled_job_type.run_scheduled_jo..., kwargs={'job_type': 'erpnext.utilities.doctype.video.video.update_youtube_data'}, method='frappe.core.doctype.scheduled_job_type.scheduled_job_type.run_scheduled_jo..., site='kalaerp', user='Administrator') (kalaerp::scheduled_job::erpnext.utilities.doctype.video.video.update_youtube_data)
2025-02-26 16:01:03,844 home-dell-kalaerp:default: Job OK (kalaerp::scheduled_job::erpnext.utilities.doctype.video.video.update_youtube_data)
2025-02-26 16:01:03,844 Result is kept for 600 seconds
2025-02-26 16:01:03,850 home-dell-kalaerp:default: frappe.utils.background_jobs.execute_job(event=None, is_async=True, job_name='frappe.core.doctype.scheduled_job_type.scheduled_job_type.run_scheduled_jo..., kwargs={'job_type': 'frappe.utils.global_search.sync_global_search'}, method='frappe.core.doctype.scheduled_job_type.scheduled_job_type.run_scheduled_jo..., site='kalaerp', user='Administrator') (kalaerp::scheduled_job::frappe.utils.global_search.sync_global_search)
2025-02-26 16:01:04,063 home-dell-kalaerp:default: Job OK (kalaerp::scheduled_job::frappe.utils.global_search.sync_global_search)
2025-02-26 16:01:04,063 Result is kept for 600 seconds
2025-02-26 16:01:04,068 home-dell-kalaerp:default: frappe.utils.background_jobs.execute_job(event=None, is_async=True, job_name='frappe.core.doctype.scheduled_job_type.scheduled_job_type.run_scheduled_jo..., kwargs={'job_type': 'frappe.integrations.doctype.google_calendar.google_calendar.s..., method='frappe.core.doctype.scheduled_job_type.scheduled_job_type.run_scheduled_jo..., site='kalaerp', user='Administrator') (kalaerp::scheduled_job::frappe.integrations.doctype.google_calendar.google_calendar.sync)
2025-02-26 16:01:04,476 home-dell-kalaerp:default: Job OK (kalaerp::scheduled_job::frappe.integrations.doctype.google_calendar.google_calendar.sync)
2025-02-26 16:01:04,476 Result is kept for 600 seconds
2025-02-26 16:01:04,483 home-dell-kalaerp:default: frappe.utils.background_jobs.execute_job(event=None, is_async=True, job_name='frappe.core.doctype.scheduled_job_type.scheduled_job_type.run_scheduled_jo..., kwargs={'job_type': 'frappe.automation.doctype.reminder.reminder.send_reminders'}, method='frappe.core.doctype.scheduled_job_type.scheduled_job_type.run_scheduled_jo..., site='kalaerp', user='Administrator') (kalaerp::scheduled_job::frappe.automation.doctype.reminder.reminder.send_reminders)
2025-02-26 16:01:04,702 home-dell-kalaerp:default: Job OK (kalaerp::scheduled_job::frappe.automation.doctype.reminder.reminder.send_reminders)
2025-02-26 16:01:04,702 Result is kept for 600 seconds
2025-02-26 16:01:04,707 home-dell-kalaerp:default: frappe.utils.background_jobs.execute_job(event=None, is_async=True, job_name='frappe.core.doctype.scheduled_job_type.scheduled_job_type.run_scheduled_jo..., kwargs={'job_type': 'frappe.model.utils.user_settings.sync_user_settings'}, method='frappe.core.doctype.scheduled_job_type.scheduled_job_type.run_scheduled_jo..., site='kalaerp', user='Administrator') (kalaerp::scheduled_job::frappe.model.utils.user_settings.sync_user_settings)
2025-02-26 16:01:04,930 home-dell-kalaerp:default: Job OK (kalaerp::scheduled_job::frappe.model.utils.user_settings.sync_user_settings)
2025-02-26 16:01:04,930 Result is kept for 600 seconds
2025-02-26 16:01:04,935 home-dell-kalaerp:default: frappe.utils.background_jobs.execute_job(event=None, is_async=True, job_name='frappe.core.doctype.scheduled_job_type.scheduled_job_type.run_scheduled_jo..., kwargs={'job_type': 'frappe.desk.form.document_follow.send_hourly_updates'}, method='frappe.core.doctype.scheduled_job_type.scheduled_job_type.run_scheduled_jo..., site='kalaerp', user='Administrator') (kalaerp::scheduled_job::frappe.desk.form.document_follow.send_hourly_updates)
2025-02-26 16:01:05,158 home-dell-kalaerp:default: Job OK (kalaerp::scheduled_job::frappe.desk.form.document_follow.send_hourly_updates)
2025-02-26 16:01:05,159 Result is kept for 600 seconds
2025-02-26 16:01:05,164 home-dell-kalaerp:default: frappe.utils.background_jobs.execute_job(event=None, is_async=True, job_name='frappe.core.doctype.scheduled_job_type.scheduled_job_type.run_scheduled_jo..., kwargs={'job_type': 'erpnext.erpnext_integrations.doctype.plaid_settings.plaid_set..., method='frappe.core.doctype.scheduled_job_type.scheduled_job_type.run_scheduled_jo..., site='kalaerp', user='Administrator') (kalaerp::scheduled_job::erpnext.erpnext_integrations.doctype.plaid_settings.plaid_settings.automatic_synchronization)
2025-02-26 16:01:05,414 home-dell-kalaerp:default: Job OK (kalaerp::scheduled_job::erpnext.erpnext_integrations.doctype.plaid_settings.plaid_settings.automatic_synchronization)
2025-02-26 16:01:05,414 Result is kept for 600 seconds
2025-02-26 16:04:00,629 home-dell-kalaerp:long: frappe.utils.background_jobs.execute_job(event=None, is_async=True, job_name='frappe.core.doctype.scheduled_job_type.scheduled_job_type.run_scheduled_jo..., kwargs={'job_type': 'erpnext.utilities.bulk_transaction.retry'}, method='frappe.core.doctype.scheduled_job_type.scheduled_job_type.run_scheduled_jo..., site='kalaerp', user='Administrator') (kalaerp::scheduled_job::erpnext.utilities.bulk_transaction.retry)
2025-02-26 16:04:00,879 home-dell-kalaerp:long: Job OK (kalaerp::scheduled_job::erpnext.utilities.bulk_transaction.retry)
2025-02-26 16:04:00,879 Result is kept for 600 seconds
2025-02-26 16:04:00,885 home-dell-kalaerp:default: frappe.utils.background_jobs.execute_job(event=None, is_async=True, job_name='frappe.core.doctype.scheduled_job_type.scheduled_job_type.run_scheduled_jo..., kwargs={'job_type': 'frappe.email.queue.flush'}, method='frappe.core.doctype.scheduled_job_type.scheduled_job_type.run_scheduled_jo..., site='kalaerp', user='Administrator') (kalaerp::scheduled_job::frappe.email.queue.flush)
2025-02-26 16:04:01,168 home-dell-kalaerp:default: Job OK (kalaerp::scheduled_job::frappe.email.queue.flush)
2025-02-26 16:04:01,168 Result is kept for 600 seconds
2025-02-26 16:04:01,174 home-dell-kalaerp:default: frappe.utils.background_jobs.execute_job(event=None, is_async=True, job_name='frappe.core.doctype.scheduled_job_type.scheduled_job_type.run_scheduled_jo..., kwargs={'job_type': 'frappe.monitor.flush'}, method='frappe.core.doctype.scheduled_job_type.scheduled_job_type.run_scheduled_jo..., site='kalaerp', user='Administrator') (kalaerp::scheduled_job::frappe.monitor.flush)
2025-02-26 16:04:01,362 home-dell-kalaerp:default: Job OK (kalaerp::scheduled_job::frappe.monitor.flush)
2025-02-26 16:04:01,362 Result is kept for 600 seconds
2025-02-26 16:07:01,496 home-dell-kalaerp:long: frappe.utils.background_jobs.execute_job(event=None, is_async=True, job_name='frappe.core.doctype.scheduled_job_type.scheduled_job_type.run_scheduled_jo..., kwargs={'job_type': 'erpnext.stock.doctype.repost_item_valuation.repost_item_valua..., method='frappe.core.doctype.scheduled_job_type.scheduled_job_type.run_scheduled_jo..., site='kalaerp', user='Administrator') (kalaerp::scheduled_job::erpnext.stock.doctype.repost_item_valuation.repost_item_valuation.repost_entries)
2025-02-26 16:07:01,776 home-dell-kalaerp:long: Job OK (kalaerp::scheduled_job::erpnext.stock.doctype.repost_item_valuation.repost_item_valuation.repost_entries)
2025-02-26 16:07:01,776 Result is kept for 600 seconds
2025-02-26 16:08:01,794 home-dell-kalaerp:default: frappe.utils.background_jobs.execute_job(event=None, is_async=True, job_name='frappe.core.doctype.scheduled_job_type.scheduled_job_type.run_scheduled_jo..., kwargs={'job_type': 'frappe.email.queue.flush'}, method='frappe.core.doctype.scheduled_job_type.scheduled_job_type.run_scheduled_jo..., site='kalaerp', user='Administrator') (kalaerp::scheduled_job::frappe.email.queue.flush)
2025-02-26 16:08:02,077 home-dell-kalaerp:default: Job OK (kalaerp::scheduled_job::frappe.email.queue.flush)
2025-02-26 16:08:02,077 Result is kept for 600 seconds
2025-02-26 16:08:02,084 home-dell-kalaerp:default: frappe.utils.background_jobs.execute_job(event=None, is_async=True, job_name='frappe.core.doctype.scheduled_job_type.scheduled_job_type.run_scheduled_jo..., kwargs={'job_type': 'frappe.monitor.flush'}, method='frappe.core.doctype.scheduled_job_type.scheduled_job_type.run_scheduled_jo..., site='kalaerp', user='Administrator') (kalaerp::scheduled_job::frappe.monitor.flush)
2025-02-26 16:08:02,285 home-dell-kalaerp:default: Job OK (kalaerp::scheduled_job::frappe.monitor.flush)
2025-02-26 16:08:02,285 Result is kept for 600 seconds
2025-02-26 16:10:02,374 home-dell-kalaerp:default: frappe.utils.background_jobs.execute_job(event=None, is_async=True, job_name='frappe.core.doctype.scheduled_job_type.scheduled_job_type.run_scheduled_jo..., kwargs={'job_type': 'frappe.email.doctype.email_account.email_account.pull'}, method='frappe.core.doctype.scheduled_job_type.scheduled_job_type.run_scheduled_jo..., site='kalaerp', user='Administrator') (kalaerp::scheduled_job::frappe.email.doctype.email_account.email_account.pull)
2025-02-26 16:10:02,601 home-dell-kalaerp:default: Job OK (kalaerp::scheduled_job::frappe.email.doctype.email_account.email_account.pull)
2025-02-26 16:10:02,601 Result is kept for 600 seconds
2025-02-26 16:12:02,988 home-dell-kalaerp:default: frappe.utils.background_jobs.execute_job(event=None, is_async=True, job_name='frappe.core.doctype.scheduled_job_type.scheduled_job_type.run_scheduled_jo..., kwargs={'job_type': 'frappe.email.queue.flush'}, method='frappe.core.doctype.scheduled_job_type.scheduled_job_type.run_scheduled_jo..., site='kalaerp', user='Administrator') (kalaerp::scheduled_job::frappe.email.queue.flush)
2025-02-26 16:12:03,252 home-dell-kalaerp:default: Job OK (kalaerp::scheduled_job::frappe.email.queue.flush)
2025-02-26 16:12:03,253 Result is kept for 600 seconds
2025-02-26 16:12:03,259 home-dell-kalaerp:default: frappe.utils.background_jobs.execute_job(event=None, is_async=True, job_name='frappe.core.doctype.scheduled_job_type.scheduled_job_type.run_scheduled_jo..., kwargs={'job_type': 'frappe.monitor.flush'}, method='frappe.core.doctype.scheduled_job_type.scheduled_job_type.run_scheduled_jo..., site='kalaerp', user='Administrator') (kalaerp::scheduled_job::frappe.monitor.flush)
2025-02-26 16:12:03,456 home-dell-kalaerp:default: Job OK (kalaerp::scheduled_job::frappe.monitor.flush)
2025-02-26 16:12:03,456 Result is kept for 600 seconds
2025-02-26 16:15:03,731 home-dell-kalaerp:default: frappe.utils.background_jobs.execute_job(event=None, is_async=True, job_name='frappe.core.doctype.scheduled_job_type.scheduled_job_type.run_scheduled_jo..., kwargs={'job_type': 'frappe.website.doctype.web_page.web_page.check_publish_status..., method='frappe.core.doctype.scheduled_job_type.scheduled_job_type.run_scheduled_jo..., site='kalaerp', user='Administrator') (kalaerp::scheduled_job::frappe.website.doctype.web_page.web_page.check_publish_status)
2025-02-26 16:15:03,999 home-dell-kalaerp:default: Job OK (kalaerp::scheduled_job::frappe.website.doctype.web_page.web_page.check_publish_status)
2025-02-26 16:15:04,000 Result is kept for 600 seconds
2025-02-26 16:15:04,005 home-dell-kalaerp:default: frappe.utils.background_jobs.execute_job(event=None, is_async=True, job_name='frappe.core.doctype.scheduled_job_type.scheduled_job_type.run_scheduled_jo..., kwargs={'job_type': 'frappe.twofactor.delete_all_barcodes_for_users'}, method='frappe.core.doctype.scheduled_job_type.scheduled_job_type.run_scheduled_jo..., site='kalaerp', user='Administrator') (kalaerp::scheduled_job::frappe.twofactor.delete_all_barcodes_for_users)
2025-02-26 16:15:04,235 home-dell-kalaerp:default: Job OK (kalaerp::scheduled_job::frappe.twofactor.delete_all_barcodes_for_users)
2025-02-26 16:15:04,235 Result is kept for 600 seconds
2025-02-26 16:15:04,243 home-dell-kalaerp:default: frappe.utils.background_jobs.execute_job(event=None, is_async=True, job_name='frappe.core.doctype.scheduled_job_type.scheduled_job_type.run_scheduled_jo..., kwargs={'job_type': 'frappe.automation.doctype.reminder.reminder.send_reminders'}, method='frappe.core.doctype.scheduled_job_type.scheduled_job_type.run_scheduled_jo..., site='kalaerp', user='Administrator') (kalaerp::scheduled_job::frappe.automation.doctype.reminder.reminder.send_reminders)
2025-02-26 16:15:04,489 home-dell-kalaerp:default: Job OK (kalaerp::scheduled_job::frappe.automation.doctype.reminder.reminder.send_reminders)
2025-02-26 16:15:04,489 Result is kept for 600 seconds
2025-02-26 16:15:04,497 home-dell-kalaerp:default: frappe.utils.background_jobs.execute_job(event=None, is_async=True, job_name='frappe.core.doctype.scheduled_job_type.scheduled_job_type.run_scheduled_jo..., kwargs={'job_type': 'frappe.deferred_insert.save_to_db'}, method='frappe.core.doctype.scheduled_job_type.scheduled_job_type.run_scheduled_jo..., site='kalaerp', user='Administrator') (kalaerp::scheduled_job::frappe.deferred_insert.save_to_db)
2025-02-26 16:15:04,709 home-dell-kalaerp:default: Job OK (kalaerp::scheduled_job::frappe.deferred_insert.save_to_db)
2025-02-26 16:15:04,709 Result is kept for 600 seconds
2025-02-26 16:15:04,716 home-dell-kalaerp:default: frappe.utils.background_jobs.execute_job(event=None, is_async=True, job_name='frappe.core.doctype.scheduled_job_type.scheduled_job_type.run_scheduled_jo..., kwargs={'job_type': 'frappe.utils.global_search.sync_global_search'}, method='frappe.core.doctype.scheduled_job_type.scheduled_job_type.run_scheduled_jo..., site='kalaerp', user='Administrator') (kalaerp::scheduled_job::frappe.utils.global_search.sync_global_search)
2025-02-26 16:15:04,929 home-dell-kalaerp:default: Job OK (kalaerp::scheduled_job::frappe.utils.global_search.sync_global_search)
2025-02-26 16:15:04,929 Result is kept for 600 seconds
2025-02-26 16:15:04,935 home-dell-kalaerp:default: frappe.utils.background_jobs.execute_job(event=None, is_async=True, job_name='frappe.core.doctype.scheduled_job_type.scheduled_job_type.run_scheduled_jo..., kwargs={'job_type': 'frappe.email.doctype.email_account.email_account.notify_unrep..., method='frappe.core.doctype.scheduled_job_type.scheduled_job_type.run_scheduled_jo..., site='kalaerp', user='Administrator') (kalaerp::scheduled_job::frappe.email.doctype.email_account.email_account.notify_unreplied)
2025-02-26 16:15:05,177 home-dell-kalaerp:default: Job OK (kalaerp::scheduled_job::frappe.email.doctype.email_account.email_account.notify_unreplied)
2025-02-26 16:15:05,177 Result is kept for 600 seconds
2025-02-26 16:15:05,183 home-dell-kalaerp:default: frappe.utils.background_jobs.execute_job(event=None, is_async=True, job_name='frappe.core.doctype.scheduled_job_type.scheduled_job_type.run_scheduled_jo..., kwargs={'job_type': 'frappe.oauth.delete_oauth2_data'}, method='frappe.core.doctype.scheduled_job_type.scheduled_job_type.run_scheduled_jo..., site='kalaerp', user='Administrator') (kalaerp::scheduled_job::frappe.oauth.delete_oauth2_data)
2025-02-26 16:15:05,408 home-dell-kalaerp:default: Job OK (kalaerp::scheduled_job::frappe.oauth.delete_oauth2_data)
2025-02-26 16:15:05,409 Result is kept for 600 seconds
2025-02-26 16:15:05,414 home-dell-kalaerp:default: frappe.utils.background_jobs.execute_job(event=None, is_async=True, job_name='frappe.core.doctype.scheduled_job_type.scheduled_job_type.run_scheduled_jo..., kwargs={'job_type': 'erpnext.manufacturing.doctype.bom_update_log.bom_update_log.r..., method='frappe.core.doctype.scheduled_job_type.scheduled_job_type.run_scheduled_jo..., site='kalaerp', user='Administrator') (kalaerp::scheduled_job::erpnext.manufacturing.doctype.bom_update_log.bom_update_log.resume_bom_cost_update_jobs)
2025-02-26 16:15:05,638 home-dell-kalaerp:default: Job OK (kalaerp::scheduled_job::erpnext.manufacturing.doctype.bom_update_log.bom_update_log.resume_bom_cost_update_jobs)
2025-02-26 16:15:05,638 Result is kept for 600 seconds
2025-02-26 16:16:04,009 home-dell-kalaerp:default: frappe.utils.background_jobs.execute_job(event=None, is_async=True, job_name='frappe.core.doctype.scheduled_job_type.scheduled_job_type.run_scheduled_jo..., kwargs={'job_type': 'frappe.monitor.flush'}, method='frappe.core.doctype.scheduled_job_type.scheduled_job_type.run_scheduled_jo..., site='kalaerp', user='Administrator') (kalaerp::scheduled_job::frappe.monitor.flush)
2025-02-26 16:16:04,190 home-dell-kalaerp:default: Job OK (kalaerp::scheduled_job::frappe.monitor.flush)
2025-02-26 16:16:04,190 Result is kept for 600 seconds
2025-02-26 16:16:04,195 home-dell-kalaerp:default: frappe.utils.background_jobs.execute_job(event=None, is_async=True, job_name='frappe.core.doctype.scheduled_job_type.scheduled_job_type.run_scheduled_jo..., kwargs={'job_type': 'frappe.email.queue.flush'}, method='frappe.core.doctype.scheduled_job_type.scheduled_job_type.run_scheduled_jo..., site='kalaerp', user='Administrator') (kalaerp::scheduled_job::frappe.email.queue.flush)
2025-02-26 16:16:04,454 home-dell-kalaerp:default: Job OK (kalaerp::scheduled_job::frappe.email.queue.flush)
2025-02-26 16:16:04,454 Result is kept for 600 seconds
2025-02-26 16:20:05,217 home-dell-kalaerp:default: frappe.utils.background_jobs.execute_job(event=None, is_async=True, job_name='frappe.core.doctype.scheduled_job_type.scheduled_job_type.run_scheduled_jo..., kwargs={'job_type': 'frappe.email.queue.flush'}, method='frappe.core.doctype.scheduled_job_type.scheduled_job_type.run_scheduled_jo..., site='kalaerp', user='Administrator') (kalaerp::scheduled_job::frappe.email.queue.flush)
2025-02-26 16:20:05,483 home-dell-kalaerp:default: Job OK (kalaerp::scheduled_job::frappe.email.queue.flush)
2025-02-26 16:20:05,483 Result is kept for 600 seconds
2025-02-26 16:20:05,489 home-dell-kalaerp:default: frappe.utils.background_jobs.execute_job(event=None, is_async=True, job_name='frappe.core.doctype.scheduled_job_type.scheduled_job_type.run_scheduled_jo..., kwargs={'job_type': 'frappe.monitor.flush'}, method='frappe.core.doctype.scheduled_job_type.scheduled_job_type.run_scheduled_jo..., site='kalaerp', user='Administrator') (kalaerp::scheduled_job::frappe.monitor.flush)
2025-02-26 16:20:05,664 home-dell-kalaerp:default: Job OK (kalaerp::scheduled_job::frappe.monitor.flush)
2025-02-26 16:20:05,664 Result is kept for 600 seconds
2025-02-26 16:20:05,670 home-dell-kalaerp:default: frappe.utils.background_jobs.execute_job(event=None, is_async=True, job_name='frappe.core.doctype.scheduled_job_type.scheduled_job_type.run_scheduled_jo..., kwargs={'job_type': 'frappe.email.doctype.email_account.email_account.pull'}, method='frappe.core.doctype.scheduled_job_type.scheduled_job_type.run_scheduled_jo..., site='kalaerp', user='Administrator') (kalaerp::scheduled_job::frappe.email.doctype.email_account.email_account.pull)
2025-02-26 16:20:05,884 home-dell-kalaerp:default: Job OK (kalaerp::scheduled_job::frappe.email.doctype.email_account.email_account.pull)
2025-02-26 16:20:05,884 Result is kept for 600 seconds
2025-02-26 16:24:06,424 home-dell-kalaerp:default: frappe.utils.background_jobs.execute_job(event=None, is_async=True, job_name='frappe.core.doctype.scheduled_job_type.scheduled_job_type.run_scheduled_jo..., kwargs={'job_type': 'frappe.email.queue.flush'}, method='frappe.core.doctype.scheduled_job_type.scheduled_job_type.run_scheduled_jo..., site='kalaerp', user='Administrator') (kalaerp::scheduled_job::frappe.email.queue.flush)
2025-02-26 16:24:06,707 home-dell-kalaerp:default: Job OK (kalaerp::scheduled_job::frappe.email.queue.flush)
2025-02-26 16:24:06,707 Result is kept for 600 seconds
2025-02-26 16:24:06,712 Cleaning registries for queue: home-dell-kalaerp:short
2025-02-26 16:24:06,713 Cleaning registries for queue: home-dell-kalaerp:default
2025-02-26 16:24:06,714 Cleaning registries for queue: home-dell-kalaerp:long
2025-02-26 16:24:06,715 home-dell-kalaerp:default: frappe.utils.background_jobs.execute_job(event=None, is_async=True, job_name='frappe.core.doctype.scheduled_job_type.scheduled_job_type.run_scheduled_jo..., kwargs={'job_type': 'frappe.monitor.flush'}, method='frappe.core.doctype.scheduled_job_type.scheduled_job_type.run_scheduled_jo..., site='kalaerp', user='Administrator') (kalaerp::scheduled_job::frappe.monitor.flush)
2025-02-26 16:24:06,891 home-dell-kalaerp:default: Job OK (kalaerp::scheduled_job::frappe.monitor.flush)
2025-02-26 16:24:06,891 Result is kept for 600 seconds
2025-02-26 16:28:07,571 home-dell-kalaerp:default: frappe.utils.background_jobs.execute_job(event=None, is_async=True, job_name='frappe.core.doctype.scheduled_job_type.scheduled_job_type.run_scheduled_jo..., kwargs={'job_type': 'frappe.monitor.flush'}, method='frappe.core.doctype.scheduled_job_type.scheduled_job_type.run_scheduled_jo..., site='kalaerp', user='Administrator') (kalaerp::scheduled_job::frappe.monitor.flush)
2025-02-26 16:28:07,757 home-dell-kalaerp:default: Job OK (kalaerp::scheduled_job::frappe.monitor.flush)
2025-02-26 16:28:07,757 Result is kept for 600 seconds
2025-02-26 16:28:07,762 home-dell-kalaerp:default: frappe.utils.background_jobs.execute_job(event=None, is_async=True, job_name='frappe.core.doctype.scheduled_job_type.scheduled_job_type.run_scheduled_jo..., kwargs={'job_type': 'frappe.email.queue.flush'}, method='frappe.core.doctype.scheduled_job_type.scheduled_job_type.run_scheduled_jo..., site='kalaerp', user='Administrator') (kalaerp::scheduled_job::frappe.email.queue.flush)
2025-02-26 16:28:08,014 home-dell-kalaerp:default: Job OK (kalaerp::scheduled_job::frappe.email.queue.flush)
2025-02-26 16:28:08,014 Result is kept for 600 seconds
2025-02-26 16:30:08,113 home-dell-kalaerp:default: frappe.utils.background_jobs.execute_job(event=None, is_async=True, job_name='frappe.core.doctype.scheduled_job_type.scheduled_job_type.run_scheduled_jo..., kwargs={'job_type': 'frappe.oauth.delete_oauth2_data'}, method='frappe.core.doctype.scheduled_job_type.scheduled_job_type.run_scheduled_jo..., site='kalaerp', user='Administrator') (kalaerp::scheduled_job::frappe.oauth.delete_oauth2_data)
2025-02-26 16:30:08,353 home-dell-kalaerp:default: Job OK (kalaerp::scheduled_job::frappe.oauth.delete_oauth2_data)
2025-02-26 16:30:08,353 Result is kept for 600 seconds
2025-02-26 16:30:08,358 home-dell-kalaerp:default: frappe.utils.background_jobs.execute_job(event=None, is_async=True, job_name='frappe.core.doctype.scheduled_job_type.scheduled_job_type.run_scheduled_jo..., kwargs={'job_type': 'frappe.website.doctype.web_page.web_page.check_publish_status..., method='frappe.core.doctype.scheduled_job_type.scheduled_job_type.run_scheduled_jo..., site='kalaerp', user='Administrator') (kalaerp::scheduled_job::frappe.website.doctype.web_page.web_page.check_publish_status)
2025-02-26 16:30:08,620 home-dell-kalaerp:default: Job OK (kalaerp::scheduled_job::frappe.website.doctype.web_page.web_page.check_publish_status)
2025-02-26 16:30:08,620 Result is kept for 600 seconds
2025-02-26 16:30:08,627 home-dell-kalaerp:default: frappe.utils.background_jobs.execute_job(event=None, is_async=True, job_name='frappe.core.doctype.scheduled_job_type.scheduled_job_type.run_scheduled_jo..., kwargs={'job_type': 'frappe.utils.global_search.sync_global_search'}, method='frappe.core.doctype.scheduled_job_type.scheduled_job_type.run_scheduled_jo..., site='kalaerp', user='Administrator') (kalaerp::scheduled_job::frappe.utils.global_search.sync_global_search)
2025-02-26 16:30:08,838 home-dell-kalaerp:default: Job OK (kalaerp::scheduled_job::frappe.utils.global_search.sync_global_search)
2025-02-26 16:30:08,838 Result is kept for 600 seconds
2025-02-26 16:30:08,844 home-dell-kalaerp:default: frappe.utils.background_jobs.execute_job(event=None, is_async=True, job_name='frappe.core.doctype.scheduled_job_type.scheduled_job_type.run_scheduled_jo..., kwargs={'job_type': 'frappe.email.doctype.email_account.email_account.pull'}, method='frappe.core.doctype.scheduled_job_type.scheduled_job_type.run_scheduled_jo..., site='kalaerp', user='Administrator') (kalaerp::scheduled_job::frappe.email.doctype.email_account.email_account.pull)
2025-02-26 16:30:09,058 home-dell-kalaerp:default: Job OK (kalaerp::scheduled_job::frappe.email.doctype.email_account.email_account.pull)
2025-02-26 16:30:09,058 Result is kept for 600 seconds
2025-02-26 16:30:09,064 home-dell-kalaerp:default: frappe.utils.background_jobs.execute_job(event=None, is_async=True, job_name='frappe.core.doctype.scheduled_job_type.scheduled_job_type.run_scheduled_jo..., kwargs={'job_type': 'erpnext.accounts.doctype.gl_entry.gl_entry.rename_gle_sle_doc..., method='frappe.core.doctype.scheduled_job_type.scheduled_job_type.run_scheduled_jo..., site='kalaerp', user='Administrator') (kalaerp::scheduled_job::erpnext.accounts.doctype.gl_entry.gl_entry.rename_gle_sle_docs)
2025-02-26 16:30:09,330 home-dell-kalaerp:default: Job OK (kalaerp::scheduled_job::erpnext.accounts.doctype.gl_entry.gl_entry.rename_gle_sle_docs)
2025-02-26 16:30:09,330 Result is kept for 600 seconds
2025-02-26 16:30:09,336 home-dell-kalaerp:default: frappe.utils.background_jobs.execute_job(event=None, is_async=True, job_name='frappe.core.doctype.scheduled_job_type.scheduled_job_type.run_scheduled_jo..., kwargs={'job_type': 'erpnext.manufacturing.doctype.bom_update_log.bom_update_log.r..., method='frappe.core.doctype.scheduled_job_type.scheduled_job_type.run_scheduled_jo..., site='kalaerp', user='Administrator') (kalaerp::scheduled_job::erpnext.manufacturing.doctype.bom_update_log.bom_update_log.resume_bom_cost_update_jobs)
2025-02-26 16:30:09,551 home-dell-kalaerp:default: Job OK (kalaerp::scheduled_job::erpnext.manufacturing.doctype.bom_update_log.bom_update_log.resume_bom_cost_update_jobs)
2025-02-26 16:30:09,551 Result is kept for 600 seconds
2025-02-26 16:30:09,557 home-dell-kalaerp:default: frappe.utils.background_jobs.execute_job(event=None, is_async=True, job_name='frappe.core.doctype.scheduled_job_type.scheduled_job_type.run_scheduled_jo..., kwargs={'job_type': 'frappe.automation.doctype.reminder.reminder.send_reminders'}, method='frappe.core.doctype.scheduled_job_type.scheduled_job_type.run_scheduled_jo..., site='kalaerp', user='Administrator') (kalaerp::scheduled_job::frappe.automation.doctype.reminder.reminder.send_reminders)
2025-02-26 16:30:09,796 home-dell-kalaerp:default: Job OK (kalaerp::scheduled_job::frappe.automation.doctype.reminder.reminder.send_reminders)
2025-02-26 16:30:09,796 Result is kept for 600 seconds
2025-02-26 16:30:09,805 home-dell-kalaerp:default: frappe.utils.background_jobs.execute_job(event=None, is_async=True, job_name='frappe.core.doctype.scheduled_job_type.scheduled_job_type.run_scheduled_jo..., kwargs={'job_type': 'frappe.deferred_insert.save_to_db'}, method='frappe.core.doctype.scheduled_job_type.scheduled_job_type.run_scheduled_jo..., site='kalaerp', user='Administrator') (kalaerp::scheduled_job::frappe.deferred_insert.save_to_db)
2025-02-26 16:30:10,017 home-dell-kalaerp:default: Job OK (kalaerp::scheduled_job::frappe.deferred_insert.save_to_db)
2025-02-26 16:30:10,017 Result is kept for 600 seconds
2025-02-26 16:30:10,023 home-dell-kalaerp:default: frappe.utils.background_jobs.execute_job(event=None, is_async=True, job_name='frappe.core.doctype.scheduled_job_type.scheduled_job_type.run_scheduled_jo..., kwargs={'job_type': 'frappe.email.doctype.email_account.email_account.notify_unrep..., method='frappe.core.doctype.scheduled_job_type.scheduled_job_type.run_scheduled_jo..., site='kalaerp', user='Administrator') (kalaerp::scheduled_job::frappe.email.doctype.email_account.email_account.notify_unreplied)
2025-02-26 16:30:10,250 home-dell-kalaerp:default: Job OK (kalaerp::scheduled_job::frappe.email.doctype.email_account.email_account.notify_unreplied)
2025-02-26 16:30:10,250 Result is kept for 600 seconds
2025-02-26 16:30:10,256 home-dell-kalaerp:default: frappe.utils.background_jobs.execute_job(event=None, is_async=True, job_name='frappe.core.doctype.scheduled_job_type.scheduled_job_type.run_scheduled_jo..., kwargs={'job_type': 'frappe.twofactor.delete_all_barcodes_for_users'}, method='frappe.core.doctype.scheduled_job_type.scheduled_job_type.run_scheduled_jo..., site='kalaerp', user='Administrator') (kalaerp::scheduled_job::frappe.twofactor.delete_all_barcodes_for_users)
2025-02-26 16:30:10,479 home-dell-kalaerp:default: Job OK (kalaerp::scheduled_job::frappe.twofactor.delete_all_barcodes_for_users)
2025-02-26 16:30:10,479 Result is kept for 600 seconds
2025-02-26 16:30:10,484 home-dell-kalaerp:default: frappe.utils.background_jobs.execute_job(event=None, is_async=True, job_name='frappe.core.doctype.scheduled_job_type.scheduled_job_type.run_scheduled_jo..., kwargs={'job_type': 'frappe.core.doctype.prepared_report.prepared_report.expire_st..., method='frappe.core.doctype.scheduled_job_type.scheduled_job_type.run_scheduled_jo..., site='kalaerp', user='Administrator') (kalaerp::scheduled_job::frappe.core.doctype.prepared_report.prepared_report.expire_stalled_report)
2025-02-26 16:30:10,701 home-dell-kalaerp:default: Job OK (kalaerp::scheduled_job::frappe.core.doctype.prepared_report.prepared_report.expire_stalled_report)
2025-02-26 16:30:10,701 Result is kept for 600 seconds
2025-02-26 16:30:10,706 home-dell-kalaerp:default: frappe.utils.background_jobs.execute_job(event=None, is_async=True, job_name='frappe.core.doctype.scheduled_job_type.scheduled_job_type.run_scheduled_jo..., kwargs={'job_type': 'erpnext.utilities.doctype.video.video.update_youtube_data'}, method='frappe.core.doctype.scheduled_job_type.scheduled_job_type.run_scheduled_jo..., site='kalaerp', user='Administrator') (kalaerp::scheduled_job::erpnext.utilities.doctype.video.video.update_youtube_data)
2025-02-26 16:30:11,035 home-dell-kalaerp:default: Job OK (kalaerp::scheduled_job::erpnext.utilities.doctype.video.video.update_youtube_data)
2025-02-26 16:30:11,035 Result is kept for 600 seconds
2025-02-26 16:32:08,848 home-dell-kalaerp:default: frappe.utils.background_jobs.execute_job(event=None, is_async=True, job_name='frappe.core.doctype.scheduled_job_type.scheduled_job_type.run_scheduled_jo..., kwargs={'job_type': 'frappe.monitor.flush'}, method='frappe.core.doctype.scheduled_job_type.scheduled_job_type.run_scheduled_jo..., site='kalaerp', user='Administrator') (kalaerp::scheduled_job::frappe.monitor.flush)
2025-02-26 16:32:09,031 home-dell-kalaerp:default: Job OK (kalaerp::scheduled_job::frappe.monitor.flush)
2025-02-26 16:32:09,031 Result is kept for 600 seconds
2025-02-26 16:32:09,036 home-dell-kalaerp:default: frappe.utils.background_jobs.execute_job(event=None, is_async=True, job_name='frappe.core.doctype.scheduled_job_type.scheduled_job_type.run_scheduled_jo..., kwargs={'job_type': 'frappe.email.queue.flush'}, method='frappe.core.doctype.scheduled_job_type.scheduled_job_type.run_scheduled_jo..., site='kalaerp', user='Administrator') (kalaerp::scheduled_job::frappe.email.queue.flush)
2025-02-26 16:32:09,287 home-dell-kalaerp:default: Job OK (kalaerp::scheduled_job::frappe.email.queue.flush)
2025-02-26 16:32:09,287 Result is kept for 600 seconds
2025-02-26 16:36:10,048 home-dell-kalaerp:default: frappe.utils.background_jobs.execute_job(event=None, is_async=True, job_name='frappe.core.doctype.scheduled_job_type.scheduled_job_type.run_scheduled_jo..., kwargs={'job_type': 'frappe.monitor.flush'}, method='frappe.core.doctype.scheduled_job_type.scheduled_job_type.run_scheduled_jo..., site='kalaerp', user='Administrator') (kalaerp::scheduled_job::frappe.monitor.flush)
2025-02-26 16:36:10,227 home-dell-kalaerp:default: Job OK (kalaerp::scheduled_job::frappe.monitor.flush)
2025-02-26 16:36:10,227 Result is kept for 600 seconds
2025-02-26 16:36:10,233 home-dell-kalaerp:default: frappe.utils.background_jobs.execute_job(event=None, is_async=True, job_name='frappe.core.doctype.scheduled_job_type.scheduled_job_type.run_scheduled_jo..., kwargs={'job_type': 'frappe.email.queue.flush'}, method='frappe.core.doctype.scheduled_job_type.scheduled_job_type.run_scheduled_jo..., site='kalaerp', user='Administrator') (kalaerp::scheduled_job::frappe.email.queue.flush)
2025-02-26 16:36:10,493 home-dell-kalaerp:default: Job OK (kalaerp::scheduled_job::frappe.email.queue.flush)
2025-02-26 16:36:10,493 Result is kept for 600 seconds
2025-02-26 16:40:11,104 home-dell-kalaerp:default: frappe.utils.background_jobs.execute_job(event=None, is_async=True, job_name='frappe.core.doctype.scheduled_job_type.scheduled_job_type.run_scheduled_jo..., kwargs={'job_type': 'frappe.email.doctype.email_account.email_account.pull'}, method='frappe.core.doctype.scheduled_job_type.scheduled_job_type.run_scheduled_jo..., site='kalaerp', user='Administrator') (kalaerp::scheduled_job::frappe.email.doctype.email_account.email_account.pull)
2025-02-26 16:40:11,330 home-dell-kalaerp:default: Job OK (kalaerp::scheduled_job::frappe.email.doctype.email_account.email_account.pull)
2025-02-26 16:40:11,330 Result is kept for 600 seconds
2025-02-26 16:40:11,336 home-dell-kalaerp:default: frappe.utils.background_jobs.execute_job(event=None, is_async=True, job_name='frappe.core.doctype.scheduled_job_type.scheduled_job_type.run_scheduled_jo..., kwargs={'job_type': 'frappe.monitor.flush'}, method='frappe.core.doctype.scheduled_job_type.scheduled_job_type.run_scheduled_jo..., site='kalaerp', user='Administrator') (kalaerp::scheduled_job::frappe.monitor.flush)
2025-02-26 16:40:11,512 home-dell-kalaerp:default: Job OK (kalaerp::scheduled_job::frappe.monitor.flush)
2025-02-26 16:40:11,512 Result is kept for 600 seconds
2025-02-26 16:40:11,518 home-dell-kalaerp:default: frappe.utils.background_jobs.execute_job(event=None, is_async=True, job_name='frappe.core.doctype.scheduled_job_type.scheduled_job_type.run_scheduled_jo..., kwargs={'job_type': 'frappe.email.queue.flush'}, method='frappe.core.doctype.scheduled_job_type.scheduled_job_type.run_scheduled_jo..., site='kalaerp', user='Administrator') (kalaerp::scheduled_job::frappe.email.queue.flush)
2025-02-26 16:40:11,768 home-dell-kalaerp:default: Job OK (kalaerp::scheduled_job::frappe.email.queue.flush)
2025-02-26 16:40:11,768 Result is kept for 600 seconds
2025-02-26 16:44:12,197 home-dell-kalaerp:default: frappe.utils.background_jobs.execute_job(event=None, is_async=True, job_name='frappe.core.doctype.scheduled_job_type.scheduled_job_type.run_scheduled_jo..., kwargs={'job_type': 'frappe.monitor.flush'}, method='frappe.core.doctype.scheduled_job_type.scheduled_job_type.run_scheduled_jo..., site='kalaerp', user='Administrator') (kalaerp::scheduled_job::frappe.monitor.flush)
2025-02-26 16:44:12,385 home-dell-kalaerp:default: Job OK (kalaerp::scheduled_job::frappe.monitor.flush)
2025-02-26 16:44:12,386 Result is kept for 600 seconds
2025-02-26 16:44:12,394 home-dell-kalaerp:default: frappe.utils.background_jobs.execute_job(event=None, is_async=True, job_name='frappe.core.doctype.scheduled_job_type.scheduled_job_type.run_scheduled_jo..., kwargs={'job_type': 'frappe.email.queue.flush'}, method='frappe.core.doctype.scheduled_job_type.scheduled_job_type.run_scheduled_jo..., site='kalaerp', user='Administrator') (kalaerp::scheduled_job::frappe.email.queue.flush)
2025-02-26 16:44:12,642 home-dell-kalaerp:default: Job OK (kalaerp::scheduled_job::frappe.email.queue.flush)
2025-02-26 16:44:12,642 Result is kept for 600 seconds
2025-02-26 16:45:12,443 home-dell-kalaerp:default: frappe.utils.background_jobs.execute_job(event=None, is_async=True, job_name='frappe.core.doctype.scheduled_job_type.scheduled_job_type.run_scheduled_jo..., kwargs={'job_type': 'frappe.website.doctype.web_page.web_page.check_publish_status..., method='frappe.core.doctype.scheduled_job_type.scheduled_job_type.run_scheduled_jo..., site='kalaerp', user='Administrator') (kalaerp::scheduled_job::frappe.website.doctype.web_page.web_page.check_publish_status)
2025-02-26 16:45:12,743 home-dell-kalaerp:default: Job OK (kalaerp::scheduled_job::frappe.website.doctype.web_page.web_page.check_publish_status)
2025-02-26 16:45:12,743 Result is kept for 600 seconds
2025-02-26 16:45:12,748 home-dell-kalaerp:default: frappe.utils.background_jobs.execute_job(event=None, is_async=True, job_name='frappe.core.doctype.scheduled_job_type.scheduled_job_type.run_scheduled_jo..., kwargs={'job_type': 'frappe.automation.doctype.reminder.reminder.send_reminders'}, method='frappe.core.doctype.scheduled_job_type.scheduled_job_type.run_scheduled_jo..., site='kalaerp', user='Administrator') (kalaerp::scheduled_job::frappe.automation.doctype.reminder.reminder.send_reminders)
2025-02-26 16:45:12,948 home-dell-kalaerp:default: Job OK (kalaerp::scheduled_job::frappe.automation.doctype.reminder.reminder.send_reminders)
2025-02-26 16:45:12,948 Result is kept for 600 seconds
2025-02-26 16:45:12,953 home-dell-kalaerp:default: frappe.utils.background_jobs.execute_job(event=None, is_async=True, job_name='frappe.core.doctype.scheduled_job_type.scheduled_job_type.run_scheduled_jo..., kwargs={'job_type': 'frappe.twofactor.delete_all_barcodes_for_users'}, method='frappe.core.doctype.scheduled_job_type.scheduled_job_type.run_scheduled_jo..., site='kalaerp', user='Administrator') (kalaerp::scheduled_job::frappe.twofactor.delete_all_barcodes_for_users)
2025-02-26 16:45:13,176 home-dell-kalaerp:default: Job OK (kalaerp::scheduled_job::frappe.twofactor.delete_all_barcodes_for_users)
2025-02-26 16:45:13,176 Result is kept for 600 seconds
2025-02-26 16:45:13,181 home-dell-kalaerp:default: frappe.utils.background_jobs.execute_job(event=None, is_async=True, job_name='frappe.core.doctype.scheduled_job_type.scheduled_job_type.run_scheduled_jo..., kwargs={'job_type': 'erpnext.manufacturing.doctype.bom_update_log.bom_update_log.r..., method='frappe.core.doctype.scheduled_job_type.scheduled_job_type.run_scheduled_jo..., site='kalaerp', user='Administrator') (kalaerp::scheduled_job::erpnext.manufacturing.doctype.bom_update_log.bom_update_log.resume_bom_cost_update_jobs)
2025-02-26 16:45:13,388 home-dell-kalaerp:default: Job OK (kalaerp::scheduled_job::erpnext.manufacturing.doctype.bom_update_log.bom_update_log.resume_bom_cost_update_jobs)
2025-02-26 16:45:13,388 Result is kept for 600 seconds
2025-02-26 16:45:13,393 home-dell-kalaerp:default: frappe.utils.background_jobs.execute_job(event=None, is_async=True, job_name='frappe.core.doctype.scheduled_job_type.scheduled_job_type.run_scheduled_jo..., kwargs={'job_type': 'frappe.email.doctype.email_account.email_account.notify_unrep..., method='frappe.core.doctype.scheduled_job_type.scheduled_job_type.run_scheduled_jo..., site='kalaerp', user='Administrator') (kalaerp::scheduled_job::frappe.email.doctype.email_account.email_account.notify_unreplied)
2025-02-26 16:45:13,607 home-dell-kalaerp:default: Job OK (kalaerp::scheduled_job::frappe.email.doctype.email_account.email_account.notify_unreplied)
2025-02-26 16:45:13,607 Result is kept for 600 seconds
2025-02-26 16:45:13,613 home-dell-kalaerp:default: frappe.utils.background_jobs.execute_job(event=None, is_async=True, job_name='frappe.core.doctype.scheduled_job_type.scheduled_job_type.run_scheduled_jo..., kwargs={'job_type': 'frappe.oauth.delete_oauth2_data'}, method='frappe.core.doctype.scheduled_job_type.scheduled_job_type.run_scheduled_jo..., site='kalaerp', user='Administrator') (kalaerp::scheduled_job::frappe.oauth.delete_oauth2_data)
2025-02-26 16:45:13,833 home-dell-kalaerp:default: Job OK (kalaerp::scheduled_job::frappe.oauth.delete_oauth2_data)
2025-02-26 16:45:13,833 Result is kept for 600 seconds
2025-02-26 16:45:13,839 home-dell-kalaerp:default: frappe.utils.background_jobs.execute_job(event=None, is_async=True, job_name='frappe.core.doctype.scheduled_job_type.scheduled_job_type.run_scheduled_jo..., kwargs={'job_type': 'frappe.utils.global_search.sync_global_search'}, method='frappe.core.doctype.scheduled_job_type.scheduled_job_type.run_scheduled_jo..., site='kalaerp', user='Administrator') (kalaerp::scheduled_job::frappe.utils.global_search.sync_global_search)
2025-02-26 16:45:14,094 home-dell-kalaerp:default: Job OK (kalaerp::scheduled_job::frappe.utils.global_search.sync_global_search)
2025-02-26 16:45:14,094 Result is kept for 600 seconds
2025-02-26 16:45:14,101 home-dell-kalaerp:default: frappe.utils.background_jobs.execute_job(event=None, is_async=True, job_name='frappe.core.doctype.scheduled_job_type.scheduled_job_type.run_scheduled_jo..., kwargs={'job_type': 'frappe.deferred_insert.save_to_db'}, method='frappe.core.doctype.scheduled_job_type.scheduled_job_type.run_scheduled_jo..., site='kalaerp', user='Administrator') (kalaerp::scheduled_job::frappe.deferred_insert.save_to_db)
2025-02-26 16:45:14,319 home-dell-kalaerp:default: Job OK (kalaerp::scheduled_job::frappe.deferred_insert.save_to_db)
2025-02-26 16:45:14,320 Result is kept for 600 seconds
2025-02-26 16:48:13,607 home-dell-kalaerp:default: frappe.utils.background_jobs.execute_job(event=None, is_async=True, job_name='frappe.core.doctype.scheduled_job_type.scheduled_job_type.run_scheduled_jo..., kwargs={'job_type': 'frappe.email.queue.flush'}, method='frappe.core.doctype.scheduled_job_type.scheduled_job_type.run_scheduled_jo..., site='kalaerp', user='Administrator') (kalaerp::scheduled_job::frappe.email.queue.flush)
2025-02-26 16:48:13,886 home-dell-kalaerp:default: Job OK (kalaerp::scheduled_job::frappe.email.queue.flush)
2025-02-26 16:48:13,886 Result is kept for 600 seconds
2025-02-26 16:48:13,891 Cleaning registries for queue: home-dell-kalaerp:short
2025-02-26 16:48:13,892 Cleaning registries for queue: home-dell-kalaerp:default
2025-02-26 16:48:13,893 Cleaning registries for queue: home-dell-kalaerp:long
2025-02-26 16:48:13,894 home-dell-kalaerp:default: frappe.utils.background_jobs.execute_job(event=None, is_async=True, job_name='frappe.core.doctype.scheduled_job_type.scheduled_job_type.run_scheduled_jo..., kwargs={'job_type': 'frappe.monitor.flush'}, method='frappe.core.doctype.scheduled_job_type.scheduled_job_type.run_scheduled_jo..., site='kalaerp', user='Administrator') (kalaerp::scheduled_job::frappe.monitor.flush)
2025-02-26 16:48:14,094 home-dell-kalaerp:default: Job OK (kalaerp::scheduled_job::frappe.monitor.flush)
2025-02-26 16:48:14,094 Result is kept for 600 seconds
2025-02-26 16:50:14,014 home-dell-kalaerp:default: frappe.utils.background_jobs.execute_job(event=None, is_async=True, job_name='frappe.core.doctype.scheduled_job_type.scheduled_job_type.run_scheduled_jo..., kwargs={'job_type': 'frappe.email.doctype.email_account.email_account.pull'}, method='frappe.core.doctype.scheduled_job_type.scheduled_job_type.run_scheduled_jo..., site='kalaerp', user='Administrator') (kalaerp::scheduled_job::frappe.email.doctype.email_account.email_account.pull)
2025-02-26 16:50:14,252 home-dell-kalaerp:default: Job OK (kalaerp::scheduled_job::frappe.email.doctype.email_account.email_account.pull)
2025-02-26 16:50:14,252 Result is kept for 600 seconds
2025-02-26 16:52:14,616 home-dell-kalaerp:default: frappe.utils.background_jobs.execute_job(event=None, is_async=True, job_name='frappe.core.doctype.scheduled_job_type.scheduled_job_type.run_scheduled_jo..., kwargs={'job_type': 'frappe.email.queue.flush'}, method='frappe.core.doctype.scheduled_job_type.scheduled_job_type.run_scheduled_jo..., site='kalaerp', user='Administrator') (kalaerp::scheduled_job::frappe.email.queue.flush)
2025-02-26 16:52:14,919 home-dell-kalaerp:default: Job OK (kalaerp::scheduled_job::frappe.email.queue.flush)
2025-02-26 16:52:14,919 Result is kept for 600 seconds
2025-02-26 16:52:14,925 home-dell-kalaerp:default: frappe.utils.background_jobs.execute_job(event=None, is_async=True, job_name='frappe.core.doctype.scheduled_job_type.scheduled_job_type.run_scheduled_jo..., kwargs={'job_type': 'frappe.monitor.flush'}, method='frappe.core.doctype.scheduled_job_type.scheduled_job_type.run_scheduled_jo..., site='kalaerp', user='Administrator') (kalaerp::scheduled_job::frappe.monitor.flush)
2025-02-26 16:52:15,118 home-dell-kalaerp:default: Job OK (kalaerp::scheduled_job::frappe.monitor.flush)
2025-02-26 16:52:15,118 Result is kept for 600 seconds
2025-02-26 16:56:15,990 home-dell-kalaerp:default: frappe.utils.background_jobs.execute_job(event=None, is_async=True, job_name='frappe.core.doctype.scheduled_job_type.scheduled_job_type.run_scheduled_jo..., kwargs={'job_type': 'frappe.monitor.flush'}, method='frappe.core.doctype.scheduled_job_type.scheduled_job_type.run_scheduled_jo..., site='kalaerp', user='Administrator') (kalaerp::scheduled_job::frappe.monitor.flush)
2025-02-26 16:56:16,223 home-dell-kalaerp:default: Job OK (kalaerp::scheduled_job::frappe.monitor.flush)
2025-02-26 16:56:16,223 Result is kept for 600 seconds
2025-02-26 16:56:16,229 home-dell-kalaerp:default: frappe.utils.background_jobs.execute_job(event=None, is_async=True, job_name='frappe.core.doctype.scheduled_job_type.scheduled_job_type.run_scheduled_jo..., kwargs={'job_type': 'frappe.email.queue.flush'}, method='frappe.core.doctype.scheduled_job_type.scheduled_job_type.run_scheduled_jo..., site='kalaerp', user='Administrator') (kalaerp::scheduled_job::frappe.email.queue.flush)
2025-02-26 16:56:16,504 home-dell-kalaerp:default: Job OK (kalaerp::scheduled_job::frappe.email.queue.flush)
2025-02-26 16:56:16,504 Result is kept for 600 seconds
2025-02-26 17:00:17,292 home-dell-kalaerp:default: frappe.utils.background_jobs.execute_job(event=None, is_async=True, job_name='frappe.core.doctype.scheduled_job_type.scheduled_job_type.run_scheduled_jo..., kwargs={'job_type': 'frappe.automation.doctype.reminder.reminder.send_reminders'}, method='frappe.core.doctype.scheduled_job_type.scheduled_job_type.run_scheduled_jo..., site='kalaerp', user='Administrator') (kalaerp::scheduled_job::frappe.automation.doctype.reminder.reminder.send_reminders)
2025-02-26 17:00:17,521 home-dell-kalaerp:default: Job OK (kalaerp::scheduled_job::frappe.automation.doctype.reminder.reminder.send_reminders)
2025-02-26 17:00:17,521 Result is kept for 600 seconds
2025-02-26 17:00:17,527 home-dell-kalaerp:default: frappe.utils.background_jobs.execute_job(event=None, is_async=True, job_name='frappe.core.doctype.scheduled_job_type.scheduled_job_type.run_scheduled_jo..., kwargs={'job_type': 'frappe.model.utils.user_settings.sync_user_settings'}, method='frappe.core.doctype.scheduled_job_type.scheduled_job_type.run_scheduled_jo..., site='kalaerp', user='Administrator') (kalaerp::scheduled_job::frappe.model.utils.user_settings.sync_user_settings)
2025-02-26 17:00:17,753 home-dell-kalaerp:default: Job OK (kalaerp::scheduled_job::frappe.model.utils.user_settings.sync_user_settings)
2025-02-26 17:00:17,754 Result is kept for 600 seconds
2025-02-26 17:00:17,768 home-dell-kalaerp:default: frappe.utils.background_jobs.execute_job(event=None, is_async=True, job_name='frappe.core.doctype.scheduled_job_type.scheduled_job_type.run_scheduled_jo..., kwargs={'job_type': 'erpnext.projects.doctype.project.project.hourly_reminder'}, method='frappe.core.doctype.scheduled_job_type.scheduled_job_type.run_scheduled_jo..., site='kalaerp', user='Administrator') (kalaerp::scheduled_job::erpnext.projects.doctype.project.project.hourly_reminder)
2025-02-26 17:00:17,999 home-dell-kalaerp:default: Job OK (kalaerp::scheduled_job::erpnext.projects.doctype.project.project.hourly_reminder)
2025-02-26 17:00:17,999 Result is kept for 600 seconds
2025-02-26 17:00:18,005 home-dell-kalaerp:default: frappe.utils.background_jobs.execute_job(event=None, is_async=True, job_name='frappe.core.doctype.scheduled_job_type.scheduled_job_type.run_scheduled_jo..., kwargs={'job_type': 'erpnext.manufacturing.doctype.bom_update_log.bom_update_log.r..., method='frappe.core.doctype.scheduled_job_type.scheduled_job_type.run_scheduled_jo..., site='kalaerp', user='Administrator') (kalaerp::scheduled_job::erpnext.manufacturing.doctype.bom_update_log.bom_update_log.resume_bom_cost_update_jobs)
2025-02-26 17:00:18,225 home-dell-kalaerp:default: Job OK (kalaerp::scheduled_job::erpnext.manufacturing.doctype.bom_update_log.bom_update_log.resume_bom_cost_update_jobs)
2025-02-26 17:00:18,225 Result is kept for 600 seconds
2025-02-26 17:00:18,230 home-dell-kalaerp:default: frappe.utils.background_jobs.execute_job(event=None, is_async=True, job_name='frappe.core.doctype.scheduled_job_type.scheduled_job_type.run_scheduled_jo..., kwargs={'job_type': 'frappe.oauth.delete_oauth2_data'}, method='frappe.core.doctype.scheduled_job_type.scheduled_job_type.run_scheduled_jo..., site='kalaerp', user='Administrator') (kalaerp::scheduled_job::frappe.oauth.delete_oauth2_data)
2025-02-26 17:00:18,454 home-dell-kalaerp:default: Job OK (kalaerp::scheduled_job::frappe.oauth.delete_oauth2_data)
2025-02-26 17:00:18,454 Result is kept for 600 seconds
2025-02-26 17:00:18,459 home-dell-kalaerp:default: frappe.utils.background_jobs.execute_job(event=None, is_async=True, job_name='frappe.core.doctype.scheduled_job_type.scheduled_job_type.run_scheduled_jo..., kwargs={'job_type': 'frappe.desk.page.backups.backups.delete_downloadable_backups'..., method='frappe.core.doctype.scheduled_job_type.scheduled_job_type.run_scheduled_jo..., site='kalaerp', user='Administrator') (kalaerp::scheduled_job::frappe.desk.page.backups.backups.delete_downloadable_backups)
2025-02-26 17:00:18,669 home-dell-kalaerp:default: Job OK (kalaerp::scheduled_job::frappe.desk.page.backups.backups.delete_downloadable_backups)
2025-02-26 17:00:18,669 Result is kept for 600 seconds
2025-02-26 17:00:18,674 home-dell-kalaerp:default: frappe.utils.background_jobs.execute_job(event=None, is_async=True, job_name='frappe.core.doctype.scheduled_job_type.scheduled_job_type.run_scheduled_jo..., kwargs={'job_type': 'erpnext.erpnext_integrations.doctype.plaid_settings.plaid_set..., method='frappe.core.doctype.scheduled_job_type.scheduled_job_type.run_scheduled_jo..., site='kalaerp', user='Administrator') (kalaerp::scheduled_job::erpnext.erpnext_integrations.doctype.plaid_settings.plaid_settings.automatic_synchronization)
2025-02-26 17:00:18,884 home-dell-kalaerp:default: Job OK (kalaerp::scheduled_job::erpnext.erpnext_integrations.doctype.plaid_settings.plaid_settings.automatic_synchronization)
2025-02-26 17:00:18,884 Result is kept for 600 seconds
2025-02-26 17:00:18,889 home-dell-kalaerp:default: frappe.utils.background_jobs.execute_job(event=None, is_async=True, job_name='frappe.core.doctype.scheduled_job_type.scheduled_job_type.run_scheduled_jo..., kwargs={'job_type': 'frappe.model.utils.link_count.update_link_count'}, method='frappe.core.doctype.scheduled_job_type.scheduled_job_type.run_scheduled_jo..., site='kalaerp', user='Administrator') (kalaerp::scheduled_job::frappe.model.utils.link_count.update_link_count)
2025-02-26 17:00:19,092 home-dell-kalaerp:default: Job OK (kalaerp::scheduled_job::frappe.model.utils.link_count.update_link_count)
2025-02-26 17:00:19,092 Result is kept for 600 seconds
2025-02-26 17:00:19,097 home-dell-kalaerp:default: frappe.utils.background_jobs.execute_job(event=None, is_async=True, job_name='frappe.core.doctype.scheduled_job_type.scheduled_job_type.run_scheduled_jo..., kwargs={'job_type': 'frappe.website.doctype.web_page.web_page.check_publish_status..., method='frappe.core.doctype.scheduled_job_type.scheduled_job_type.run_scheduled_jo..., site='kalaerp', user='Administrator') (kalaerp::scheduled_job::frappe.website.doctype.web_page.web_page.check_publish_status)
2025-02-26 17:00:19,366 home-dell-kalaerp:default: Job OK (kalaerp::scheduled_job::frappe.website.doctype.web_page.web_page.check_publish_status)
2025-02-26 17:00:19,366 Result is kept for 600 seconds
2025-02-26 17:00:19,372 home-dell-kalaerp:default: frappe.utils.background_jobs.execute_job(event=None, is_async=True, job_name='frappe.core.doctype.scheduled_job_type.scheduled_job_type.run_scheduled_jo..., kwargs={'job_type': 'frappe.utils.global_search.sync_global_search'}, method='frappe.core.doctype.scheduled_job_type.scheduled_job_type.run_scheduled_jo..., site='kalaerp', user='Administrator') (kalaerp::scheduled_job::frappe.utils.global_search.sync_global_search)
2025-02-26 17:00:19,576 home-dell-kalaerp:default: Job OK (kalaerp::scheduled_job::frappe.utils.global_search.sync_global_search)
2025-02-26 17:00:19,576 Result is kept for 600 seconds
2025-02-26 17:00:19,582 home-dell-kalaerp:default: frappe.utils.background_jobs.execute_job(event=None, is_async=True, job_name='frappe.core.doctype.scheduled_job_type.scheduled_job_type.run_scheduled_jo..., kwargs={'job_type': 'erpnext.utilities.doctype.video.video.update_youtube_data'}, method='frappe.core.doctype.scheduled_job_type.scheduled_job_type.run_scheduled_jo..., site='kalaerp', user='Administrator') (kalaerp::scheduled_job::erpnext.utilities.doctype.video.video.update_youtube_data)
2025-02-26 17:00:19,904 home-dell-kalaerp:default: Job OK (kalaerp::scheduled_job::erpnext.utilities.doctype.video.video.update_youtube_data)
2025-02-26 17:00:19,904 Result is kept for 600 seconds
2025-02-26 17:00:19,910 home-dell-kalaerp:default: frappe.utils.background_jobs.execute_job(event=None, is_async=True, job_name='frappe.core.doctype.scheduled_job_type.scheduled_job_type.run_scheduled_jo..., kwargs={'job_type': 'frappe.email.doctype.email_account.email_account.pull'}, method='frappe.core.doctype.scheduled_job_type.scheduled_job_type.run_scheduled_jo..., site='kalaerp', user='Administrator') (kalaerp::scheduled_job::frappe.email.doctype.email_account.email_account.pull)
2025-02-26 17:00:20,144 home-dell-kalaerp:default: Job OK (kalaerp::scheduled_job::frappe.email.doctype.email_account.email_account.pull)
2025-02-26 17:00:20,144 Result is kept for 600 seconds
2025-02-26 17:00:20,151 home-dell-kalaerp:default: frappe.utils.background_jobs.execute_job(event=None, is_async=True, job_name='frappe.core.doctype.scheduled_job_type.scheduled_job_type.run_scheduled_jo..., kwargs={'job_type': 'frappe.desk.form.document_follow.send_hourly_updates'}, method='frappe.core.doctype.scheduled_job_type.scheduled_job_type.run_scheduled_jo..., site='kalaerp', user='Administrator') (kalaerp::scheduled_job::frappe.desk.form.document_follow.send_hourly_updates)
2025-02-26 17:00:20,378 home-dell-kalaerp:default: Job OK (kalaerp::scheduled_job::frappe.desk.form.document_follow.send_hourly_updates)
2025-02-26 17:00:20,378 Result is kept for 600 seconds
2025-02-26 17:00:20,383 home-dell-kalaerp:default: frappe.utils.background_jobs.execute_job(event=None, is_async=True, job_name='frappe.core.doctype.scheduled_job_type.scheduled_job_type.run_scheduled_jo..., kwargs={'job_type': 'frappe.website.doctype.personal_data_deletion_request.persona..., method='frappe.core.doctype.scheduled_job_type.scheduled_job_type.run_scheduled_jo..., site='kalaerp', user='Administrator') (kalaerp::scheduled_job::frappe.website.doctype.personal_data_deletion_request.personal_data_deletion_request.process_data_deletion_request)
2025-02-26 17:00:20,598 home-dell-kalaerp:default: Job OK (kalaerp::scheduled_job::frappe.website.doctype.personal_data_deletion_request.personal_data_deletion_request.process_data_deletion_request)
2025-02-26 17:00:20,598 Result is kept for 600 seconds
2025-02-26 17:00:20,604 home-dell-kalaerp:default: frappe.utils.background_jobs.execute_job(event=None, is_async=True, job_name='frappe.core.doctype.scheduled_job_type.scheduled_job_type.run_scheduled_jo..., kwargs={'job_type': 'erpnext.projects.doctype.project.project.project_status_updat..., method='frappe.core.doctype.scheduled_job_type.scheduled_job_type.run_scheduled_jo..., site='kalaerp', user='Administrator') (kalaerp::scheduled_job::erpnext.projects.doctype.project.project.project_status_update_reminder)
2025-02-26 17:00:20,837 home-dell-kalaerp:default: Job OK (kalaerp::scheduled_job::erpnext.projects.doctype.project.project.project_status_update_reminder)
2025-02-26 17:00:20,838 Result is kept for 600 seconds
2025-02-26 17:00:20,844 home-dell-kalaerp:default: frappe.utils.background_jobs.execute_job(event=None, is_async=True, job_name='frappe.core.doctype.scheduled_job_type.scheduled_job_type.run_scheduled_jo..., kwargs={'job_type': 'frappe.twofactor.delete_all_barcodes_for_users'}, method='frappe.core.doctype.scheduled_job_type.scheduled_job_type.run_scheduled_jo..., site='kalaerp', user='Administrator') (kalaerp::scheduled_job::frappe.twofactor.delete_all_barcodes_for_users)
2025-02-26 17:00:21,066 home-dell-kalaerp:default: Job OK (kalaerp::scheduled_job::frappe.twofactor.delete_all_barcodes_for_users)
2025-02-26 17:00:21,066 Result is kept for 600 seconds
2025-02-26 17:00:21,071 home-dell-kalaerp:default: frappe.utils.background_jobs.execute_job(event=None, is_async=True, job_name='frappe.core.doctype.scheduled_job_type.scheduled_job_type.run_scheduled_jo..., kwargs={'job_type': 'frappe.email.queue.flush'}, method='frappe.core.doctype.scheduled_job_type.scheduled_job_type.run_scheduled_jo..., site='kalaerp', user='Administrator') (kalaerp::scheduled_job::frappe.email.queue.flush)
2025-02-26 17:00:21,357 home-dell-kalaerp:default: Job OK (kalaerp::scheduled_job::frappe.email.queue.flush)
2025-02-26 17:00:21,357 Result is kept for 600 seconds
2025-02-26 17:00:21,364 home-dell-kalaerp:default: frappe.utils.background_jobs.execute_job(event=None, is_async=True, job_name='frappe.core.doctype.scheduled_job_type.scheduled_job_type.run_scheduled_jo..., kwargs={'job_type': 'frappe.integrations.doctype.google_calendar.google_calendar.s..., method='frappe.core.doctype.scheduled_job_type.scheduled_job_type.run_scheduled_jo..., site='kalaerp', user='Administrator') (kalaerp::scheduled_job::frappe.integrations.doctype.google_calendar.google_calendar.sync)
2025-02-26 17:00:21,764 home-dell-kalaerp:default: Job OK (kalaerp::scheduled_job::frappe.integrations.doctype.google_calendar.google_calendar.sync)
2025-02-26 17:00:21,764 Result is kept for 600 seconds
2025-02-26 17:00:21,770 home-dell-kalaerp:default: frappe.utils.background_jobs.execute_job(event=None, is_async=True, job_name='frappe.core.doctype.scheduled_job_type.scheduled_job_type.run_scheduled_jo..., kwargs={'job_type': 'erpnext.projects.doctype.project.project.collect_project_stat..., method='frappe.core.doctype.scheduled_job_type.scheduled_job_type.run_scheduled_jo..., site='kalaerp', user='Administrator') (kalaerp::scheduled_job::erpnext.projects.doctype.project.project.collect_project_status)
2025-02-26 17:00:21,998 home-dell-kalaerp:default: Job OK (kalaerp::scheduled_job::erpnext.projects.doctype.project.project.collect_project_status)
2025-02-26 17:00:21,998 Result is kept for 600 seconds
2025-02-26 17:00:22,003 home-dell-kalaerp:default: frappe.utils.background_jobs.execute_job(event=None, is_async=True, job_name='frappe.core.doctype.scheduled_job_type.scheduled_job_type.run_scheduled_jo..., kwargs={'job_type': 'frappe.deferred_insert.save_to_db'}, method='frappe.core.doctype.scheduled_job_type.scheduled_job_type.run_scheduled_jo..., site='kalaerp', user='Administrator') (kalaerp::scheduled_job::frappe.deferred_insert.save_to_db)
2025-02-26 17:00:22,220 home-dell-kalaerp:default: Job OK (kalaerp::scheduled_job::frappe.deferred_insert.save_to_db)
2025-02-26 17:00:22,220 Result is kept for 600 seconds
2025-02-26 17:00:22,226 home-dell-kalaerp:default: frappe.utils.background_jobs.execute_job(event=None, is_async=True, job_name='frappe.core.doctype.scheduled_job_type.scheduled_job_type.run_scheduled_jo..., kwargs={'job_type': 'frappe.monitor.flush'}, method='frappe.core.doctype.scheduled_job_type.scheduled_job_type.run_scheduled_jo..., site='kalaerp', user='Administrator') (kalaerp::scheduled_job::frappe.monitor.flush)
2025-02-26 17:00:22,417 home-dell-kalaerp:default: Job OK (kalaerp::scheduled_job::frappe.monitor.flush)
2025-02-26 17:00:22,417 Result is kept for 600 seconds
2025-02-26 17:00:22,422 home-dell-kalaerp:default: frappe.utils.background_jobs.execute_job(event=None, is_async=True, job_name='frappe.core.doctype.scheduled_job_type.scheduled_job_type.run_scheduled_jo..., kwargs={'job_type': 'frappe.email.doctype.newsletter.newsletter.send_scheduled_ema..., method='frappe.core.doctype.scheduled_job_type.scheduled_job_type.run_scheduled_jo..., site='kalaerp', user='Administrator') (kalaerp::scheduled_job::frappe.email.doctype.newsletter.newsletter.send_scheduled_email)
2025-02-26 17:00:22,678 home-dell-kalaerp:default: Job OK (kalaerp::scheduled_job::frappe.email.doctype.newsletter.newsletter.send_scheduled_email)
2025-02-26 17:00:22,678 Result is kept for 600 seconds
2025-02-26 17:00:22,684 home-dell-kalaerp:default: frappe.utils.background_jobs.execute_job(event=None, is_async=True, job_name='frappe.core.doctype.scheduled_job_type.scheduled_job_type.run_scheduled_jo..., kwargs={'job_type': 'frappe.email.doctype.email_account.email_account.notify_unrep..., method='frappe.core.doctype.scheduled_job_type.scheduled_job_type.run_scheduled_jo..., site='kalaerp', user='Administrator') (kalaerp::scheduled_job::frappe.email.doctype.email_account.email_account.notify_unreplied)
2025-02-26 17:00:22,911 home-dell-kalaerp:default: Job OK (kalaerp::scheduled_job::frappe.email.doctype.email_account.email_account.notify_unreplied)
2025-02-26 17:00:22,911 Result is kept for 600 seconds
2025-02-26 17:04:18,705 home-dell-kalaerp:long: frappe.utils.background_jobs.execute_job(event=None, is_async=True, job_name='frappe.core.doctype.scheduled_job_type.scheduled_job_type.run_scheduled_jo..., kwargs={'job_type': 'erpnext.stock.doctype.repost_item_valuation.repost_item_valua..., method='frappe.core.doctype.scheduled_job_type.scheduled_job_type.run_scheduled_jo..., site='kalaerp', user='Administrator') (kalaerp::scheduled_job::erpnext.stock.doctype.repost_item_valuation.repost_item_valuation.repost_entries)
2025-02-26 17:04:18,953 home-dell-kalaerp:long: Job OK (kalaerp::scheduled_job::erpnext.stock.doctype.repost_item_valuation.repost_item_valuation.repost_entries)
2025-02-26 17:04:18,953 Result is kept for 600 seconds
2025-02-26 17:04:18,959 home-dell-kalaerp:default: frappe.utils.background_jobs.execute_job(event=None, is_async=True, job_name='frappe.core.doctype.scheduled_job_type.scheduled_job_type.run_scheduled_jo..., kwargs={'job_type': 'frappe.email.queue.flush'}, method='frappe.core.doctype.scheduled_job_type.scheduled_job_type.run_scheduled_jo..., site='kalaerp', user='Administrator') (kalaerp::scheduled_job::frappe.email.queue.flush)
2025-02-26 17:04:19,265 home-dell-kalaerp:default: Job OK (kalaerp::scheduled_job::frappe.email.queue.flush)
2025-02-26 17:04:19,265 Result is kept for 600 seconds
2025-02-26 17:04:19,272 home-dell-kalaerp:default: frappe.utils.background_jobs.execute_job(event=None, is_async=True, job_name='frappe.core.doctype.scheduled_job_type.scheduled_job_type.run_scheduled_jo..., kwargs={'job_type': 'frappe.monitor.flush'}, method='frappe.core.doctype.scheduled_job_type.scheduled_job_type.run_scheduled_jo..., site='kalaerp', user='Administrator') (kalaerp::scheduled_job::frappe.monitor.flush)
2025-02-26 17:04:19,473 home-dell-kalaerp:default: Job OK (kalaerp::scheduled_job::frappe.monitor.flush)
2025-02-26 17:04:19,473 Result is kept for 600 seconds
2025-02-26 17:04:19,479 home-dell-kalaerp:long: frappe.utils.background_jobs.execute_job(event=None, is_async=True, job_name='frappe.core.doctype.scheduled_job_type.scheduled_job_type.run_scheduled_jo..., kwargs={'job_type': 'erpnext.utilities.bulk_transaction.retry'}, method='frappe.core.doctype.scheduled_job_type.scheduled_job_type.run_scheduled_jo..., site='kalaerp', user='Administrator') (kalaerp::scheduled_job::erpnext.utilities.bulk_transaction.retry)
2025-02-26 17:04:19,699 home-dell-kalaerp:long: Job OK (kalaerp::scheduled_job::erpnext.utilities.bulk_transaction.retry)
2025-02-26 17:04:19,699 Result is kept for 600 seconds
2025-02-26 17:08:53,070 Worker rq:worker:50e3524fd3744fb3947522bad7291a3a started with PID 30434, version 1.15.1
2025-02-26 17:08:53,070 Subscribing to channel rq:pubsub:50e3524fd3744fb3947522bad7291a3a
2025-02-26 17:08:53,072 *** Listening on home-dell-kalaerp:short, home-dell-kalaerp:default, home-dell-kalaerp:long...
2025-02-26 17:08:53,072 Cleaning registries for queue: home-dell-kalaerp:short
2025-02-26 17:08:53,073 Cleaning registries for queue: home-dell-kalaerp:default
2025-02-26 17:08:53,075 Cleaning registries for queue: home-dell-kalaerp:long
2025-02-26 17:08:53,316 Worker 50e3524fd3744fb3947522bad7291a3a [PID 30434]: warm shut down requested
2025-02-26 17:08:53,317 Unsubscribing from channel rq:pubsub:50e3524fd3744fb3947522bad7291a3a
2025-02-26 17:10:11,476 Worker rq:worker:dd35e08d1f4b463284b2fa0894baf4a9 started with PID 30776, version 1.15.1
2025-02-26 17:10:11,476 Subscribing to channel rq:pubsub:dd35e08d1f4b463284b2fa0894baf4a9
2025-02-26 17:10:11,477 *** Listening on home-dell-kalaerp:short, home-dell-kalaerp:default, home-dell-kalaerp:long...
2025-02-26 17:10:11,817 Worker dd35e08d1f4b463284b2fa0894baf4a9 [PID 30776]: warm shut down requested
2025-02-26 17:10:11,818 Unsubscribing from channel rq:pubsub:dd35e08d1f4b463284b2fa0894baf4a9
2025-02-26 17:25:31,431 Worker rq:worker:4c366b51017948f693fe02d5c0e34838 started with PID 34411, version 1.15.1
2025-02-26 17:25:31,431 Subscribing to channel rq:pubsub:4c366b51017948f693fe02d5c0e34838
2025-02-26 17:25:31,432 *** Listening on home-dell-kalaerp:short, home-dell-kalaerp:default, home-dell-kalaerp:long...
2025-02-26 17:25:31,433 Cleaning registries for queue: home-dell-kalaerp:short
2025-02-26 17:25:31,434 Cleaning registries for queue: home-dell-kalaerp:default
2025-02-26 17:25:31,434 Cleaning registries for queue: home-dell-kalaerp:long
2025-02-26 17:25:31,782 Worker 4c366b51017948f693fe02d5c0e34838 [PID 34411]: warm shut down requested
2025-02-26 17:25:31,783 Unsubscribing from channel rq:pubsub:4c366b51017948f693fe02d5c0e34838
2025-02-26 17:25:54,314 Worker rq:worker:c5bcb1066e3b4c1b9878f0ef5d2d02d7 started with PID 34700, version 1.15.1
2025-02-26 17:25:54,314 Subscribing to channel rq:pubsub:c5bcb1066e3b4c1b9878f0ef5d2d02d7
2025-02-26 17:25:54,314 *** Listening on home-dell-kalaerp:short, home-dell-kalaerp:default, home-dell-kalaerp:long...
2025-02-26 17:25:54,657 Worker c5bcb1066e3b4c1b9878f0ef5d2d02d7 [PID 34700]: warm shut down requested
2025-02-26 17:25:54,658 Unsubscribing from channel rq:pubsub:c5bcb1066e3b4c1b9878f0ef5d2d02d7
2025-02-28 11:06:54,673 Worker rq:worker:30ad9cb4b42546c6aea15823689346d3 started with PID 7840, version 1.15.1
2025-02-28 11:06:54,674 Subscribing to channel rq:pubsub:30ad9cb4b42546c6aea15823689346d3
2025-02-28 11:06:54,676 *** Listening on home-dell-kalaerp:short, home-dell-kalaerp:default, home-dell-kalaerp:long...
2025-02-28 11:06:54,678 Cleaning registries for queue: home-dell-kalaerp:short
2025-02-28 11:06:54,681 Cleaning registries for queue: home-dell-kalaerp:default
2025-02-28 11:06:54,684 Cleaning registries for queue: home-dell-kalaerp:long
2025-02-28 11:07:55,437 home-dell-kalaerp:default: frappe.utils.background_jobs.execute_job(event=None, is_async=True, job_name='frappe.core.doctype.scheduled_job_type.scheduled_job_type.run_scheduled_jo..., kwargs={'job_type': 'erpnext.support.doctype.issue.issue.auto_close_tickets'}, method='frappe.core.doctype.scheduled_job_type.scheduled_job_type.run_scheduled_jo..., site='kalaerp', user='Administrator') (kalaerp::scheduled_job::erpnext.support.doctype.issue.issue.auto_close_tickets)
2025-02-28 11:07:55,813 home-dell-kalaerp:default: Job OK (kalaerp::scheduled_job::erpnext.support.doctype.issue.issue.auto_close_tickets)
2025-02-28 11:07:55,813 Result is kept for 600 seconds
2025-02-28 11:07:55,821 home-dell-kalaerp:default: frappe.utils.background_jobs.execute_job(event=None, is_async=True, job_name='frappe.core.doctype.scheduled_job_type.scheduled_job_type.run_scheduled_jo..., kwargs={'job_type': 'erpnext.support.doctype.service_level_agreement.service_level..., method='frappe.core.doctype.scheduled_job_type.scheduled_job_type.run_scheduled_jo..., site='kalaerp', user='Administrator') (kalaerp::scheduled_job::erpnext.support.doctype.service_level_agreement.service_level_agreement.check_agreement_status)
2025-02-28 11:07:56,102 home-dell-kalaerp:default: Job OK (kalaerp::scheduled_job::erpnext.support.doctype.service_level_agreement.service_level_agreement.check_agreement_status)
2025-02-28 11:07:56,102 Result is kept for 600 seconds
2025-02-28 11:07:56,108 home-dell-kalaerp:default: frappe.utils.background_jobs.execute_job(event=None, is_async=True, job_name='frappe.core.doctype.scheduled_job_type.scheduled_job_type.run_scheduled_jo..., kwargs={'job_type': 'frappe.email.doctype.email_account.email_account.pull'}, method='frappe.core.doctype.scheduled_job_type.scheduled_job_type.run_scheduled_jo..., site='kalaerp', user='Administrator') (kalaerp::scheduled_job::frappe.email.doctype.email_account.email_account.pull)
2025-02-28 11:07:56,443 home-dell-kalaerp:default: Job OK (kalaerp::scheduled_job::frappe.email.doctype.email_account.email_account.pull)
2025-02-28 11:07:56,443 Result is kept for 600 seconds
2025-02-28 11:07:56,452 home-dell-kalaerp:default: frappe.utils.background_jobs.execute_job(event=None, is_async=True, job_name='frappe.core.doctype.scheduled_job_type.scheduled_job_type.run_scheduled_jo..., kwargs={'job_type': 'erpnext.projects.doctype.project.project.update_project_sales..., method='frappe.core.doctype.scheduled_job_type.scheduled_job_type.run_scheduled_jo..., site='kalaerp', user='Administrator') (kalaerp::scheduled_job::erpnext.projects.doctype.project.project.update_project_sales_billing)
2025-02-28 11:07:56,796 home-dell-kalaerp:default: Job OK (kalaerp::scheduled_job::erpnext.projects.doctype.project.project.update_project_sales_billing)
2025-02-28 11:07:56,796 Result is kept for 600 seconds
2025-02-28 11:07:56,802 home-dell-kalaerp:default: frappe.utils.background_jobs.execute_job(event=None, is_async=True, job_name='frappe.core.doctype.scheduled_job_type.scheduled_job_type.run_scheduled_jo..., kwargs={'job_type': 'erpnext.buying.doctype.supplier_scorecard.supplier_scorecard...., method='frappe.core.doctype.scheduled_job_type.scheduled_job_type.run_scheduled_jo..., site='kalaerp', user='Administrator') (kalaerp::scheduled_job::erpnext.buying.doctype.supplier_scorecard.supplier_scorecard.refresh_scorecards)
2025-02-28 11:07:57,099 home-dell-kalaerp:default: Job OK (kalaerp::scheduled_job::erpnext.buying.doctype.supplier_scorecard.supplier_scorecard.refresh_scorecards)
2025-02-28 11:07:57,100 Result is kept for 600 seconds
2025-02-28 11:07:57,106 home-dell-kalaerp:default: frappe.utils.background_jobs.execute_job(event=None, is_async=True, job_name='frappe.core.doctype.scheduled_job_type.scheduled_job_type.run_scheduled_jo..., kwargs={'job_type': 'frappe.twofactor.delete_all_barcodes_for_users'}, method='frappe.core.doctype.scheduled_job_type.scheduled_job_type.run_scheduled_jo..., site='kalaerp', user='Administrator') (kalaerp::scheduled_job::frappe.twofactor.delete_all_barcodes_for_users)
2025-02-28 11:07:57,400 home-dell-kalaerp:default: Job OK (kalaerp::scheduled_job::frappe.twofactor.delete_all_barcodes_for_users)
2025-02-28 11:07:57,401 Result is kept for 600 seconds
2025-02-28 11:07:57,407 home-dell-kalaerp:default: frappe.utils.background_jobs.execute_job(event=None, is_async=True, job_name='frappe.core.doctype.scheduled_job_type.scheduled_job_type.run_scheduled_jo..., kwargs={'job_type': 'erpnext.assets.doctype.asset.asset.update_maintenance_status'..., method='frappe.core.doctype.scheduled_job_type.scheduled_job_type.run_scheduled_jo..., site='kalaerp', user='Administrator') (kalaerp::scheduled_job::erpnext.assets.doctype.asset.asset.update_maintenance_status)
2025-02-28 11:07:57,793 home-dell-kalaerp:default: Job OK (kalaerp::scheduled_job::erpnext.assets.doctype.asset.asset.update_maintenance_status)
2025-02-28 11:07:57,793 Result is kept for 600 seconds
2025-02-28 11:07:57,799 home-dell-kalaerp:default: frappe.utils.background_jobs.execute_job(event=None, is_async=True, job_name='frappe.core.doctype.scheduled_job_type.scheduled_job_type.run_scheduled_jo..., kwargs={'job_type': 'erpnext.crm.doctype.contract.contract.update_status_for_contr..., method='frappe.core.doctype.scheduled_job_type.scheduled_job_type.run_scheduled_jo..., site='kalaerp', user='Administrator') (kalaerp::scheduled_job::erpnext.crm.doctype.contract.contract.update_status_for_contracts)
2025-02-28 11:07:58,095 home-dell-kalaerp:default: Job OK (kalaerp::scheduled_job::erpnext.crm.doctype.contract.contract.update_status_for_contracts)
2025-02-28 11:07:58,096 Result is kept for 600 seconds
2025-02-28 11:07:58,102 home-dell-kalaerp:default: frappe.utils.background_jobs.execute_job(event=None, is_async=True, job_name='frappe.core.doctype.scheduled_job_type.scheduled_job_type.run_scheduled_jo..., kwargs={'job_type': 'erpnext.accounts.doctype.gl_entry.gl_entry.rename_gle_sle_doc..., method='frappe.core.doctype.scheduled_job_type.scheduled_job_type.run_scheduled_jo..., site='kalaerp', user='Administrator') (kalaerp::scheduled_job::erpnext.accounts.doctype.gl_entry.gl_entry.rename_gle_sle_docs)
2025-02-28 11:07:58,476 home-dell-kalaerp:default: Job OK (kalaerp::scheduled_job::erpnext.accounts.doctype.gl_entry.gl_entry.rename_gle_sle_docs)
2025-02-28 11:07:58,476 Result is kept for 600 seconds
2025-02-28 11:07:58,483 home-dell-kalaerp:default: frappe.utils.background_jobs.execute_job(event=None, is_async=True, job_name='frappe.core.doctype.scheduled_job_type.scheduled_job_type.run_scheduled_jo..., kwargs={'job_type': 'erpnext.controllers.accounts_controller.update_invoice_status..., method='frappe.core.doctype.scheduled_job_type.scheduled_job_type.run_scheduled_jo..., site='kalaerp', user='Administrator') (kalaerp::scheduled_job::erpnext.controllers.accounts_controller.update_invoice_status)
2025-02-28 11:07:58,782 home-dell-kalaerp:default: Job OK (kalaerp::scheduled_job::erpnext.controllers.accounts_controller.update_invoice_status)
2025-02-28 11:07:58,782 Result is kept for 600 seconds
2025-02-28 11:07:58,789 home-dell-kalaerp:default: frappe.utils.background_jobs.execute_job(event=None, is_async=True, job_name='frappe.core.doctype.scheduled_job_type.scheduled_job_type.run_scheduled_jo..., kwargs={'job_type': 'frappe.website.doctype.personal_data_deletion_request.persona..., method='frappe.core.doctype.scheduled_job_type.scheduled_job_type.run_scheduled_jo..., site='kalaerp', user='Administrator') (kalaerp::scheduled_job::frappe.website.doctype.personal_data_deletion_request.personal_data_deletion_request.process_data_deletion_request)
2025-02-28 11:07:59,077 home-dell-kalaerp:default: Job OK (kalaerp::scheduled_job::frappe.website.doctype.personal_data_deletion_request.personal_data_deletion_request.process_data_deletion_request)
2025-02-28 11:07:59,077 Result is kept for 600 seconds
2025-02-28 11:07:59,084 home-dell-kalaerp:default: frappe.utils.background_jobs.execute_job(event=None, is_async=True, job_name='frappe.core.doctype.scheduled_job_type.scheduled_job_type.run_scheduled_jo..., kwargs={'job_type': 'frappe.social.doctype.energy_point_settings.energy_point_sett..., method='frappe.core.doctype.scheduled_job_type.scheduled_job_type.run_scheduled_jo..., site='kalaerp', user='Administrator') (kalaerp::scheduled_job::frappe.social.doctype.energy_point_settings.energy_point_settings.allocate_review_points)
2025-02-28 11:07:59,482 home-dell-kalaerp:default: Job OK (kalaerp::scheduled_job::frappe.social.doctype.energy_point_settings.energy_point_settings.allocate_review_points)
2025-02-28 11:07:59,482 Result is kept for 600 seconds
2025-02-28 11:07:59,492 home-dell-kalaerp:default: frappe.utils.background_jobs.execute_job(event=None, is_async=True, job_name='frappe.core.doctype.scheduled_job_type.scheduled_job_type.run_scheduled_jo..., kwargs={'job_type': 'erpnext.selling.doctype.quotation.quotation.set_expired_statu..., method='frappe.core.doctype.scheduled_job_type.scheduled_job_type.run_scheduled_jo..., site='kalaerp', user='Administrator') (kalaerp::scheduled_job::erpnext.selling.doctype.quotation.quotation.set_expired_status)
2025-02-28 11:07:59,847 home-dell-kalaerp:default: Job OK (kalaerp::scheduled_job::erpnext.selling.doctype.quotation.quotation.set_expired_status)
2025-02-28 11:07:59,847 Result is kept for 600 seconds
2025-02-28 11:07:59,856 home-dell-kalaerp:default: frappe.utils.background_jobs.execute_job(event=None, is_async=True, job_name='frappe.core.doctype.scheduled_job_type.scheduled_job_type.run_scheduled_jo..., kwargs={'job_type': 'erpnext.projects.doctype.project.project.project_status_updat..., method='frappe.core.doctype.scheduled_job_type.scheduled_job_type.run_scheduled_jo..., site='kalaerp', user='Administrator') (kalaerp::scheduled_job::erpnext.projects.doctype.project.project.project_status_update_reminder)
2025-02-28 11:08:00,191 home-dell-kalaerp:default: Job OK (kalaerp::scheduled_job::erpnext.projects.doctype.project.project.project_status_update_reminder)
2025-02-28 11:08:00,191 Result is kept for 600 seconds
2025-02-28 11:08:00,198 home-dell-kalaerp:default: frappe.utils.background_jobs.execute_job(event=None, is_async=True, job_name='frappe.core.doctype.scheduled_job_type.scheduled_job_type.run_scheduled_jo..., kwargs={'job_type': 'frappe.email.doctype.email_account.email_account.notify_unrep..., method='frappe.core.doctype.scheduled_job_type.scheduled_job_type.run_scheduled_jo..., site='kalaerp', user='Administrator') (kalaerp::scheduled_job::frappe.email.doctype.email_account.email_account.notify_unreplied)
2025-02-28 11:08:00,482 home-dell-kalaerp:default: Job OK (kalaerp::scheduled_job::frappe.email.doctype.email_account.email_account.notify_unreplied)
2025-02-28 11:08:00,482 Result is kept for 600 seconds
2025-02-28 11:08:00,489 home-dell-kalaerp:default: frappe.utils.background_jobs.execute_job(event=None, is_async=True, job_name='frappe.core.doctype.scheduled_job_type.scheduled_job_type.run_scheduled_jo..., kwargs={'job_type': 'frappe.desk.doctype.event.event.send_event_digest'}, method='frappe.core.doctype.scheduled_job_type.scheduled_job_type.run_scheduled_jo..., site='kalaerp', user='Administrator') (kalaerp::scheduled_job::frappe.desk.doctype.event.event.send_event_digest)
2025-02-28 11:08:00,752 home-dell-kalaerp:default: Job OK (kalaerp::scheduled_job::frappe.desk.doctype.event.event.send_event_digest)
2025-02-28 11:08:00,752 Result is kept for 600 seconds
2025-02-28 11:08:00,759 home-dell-kalaerp:default: frappe.utils.background_jobs.execute_job(event=None, is_async=True, job_name='frappe.core.doctype.scheduled_job_type.scheduled_job_type.run_scheduled_jo..., kwargs={'job_type': 'erpnext.projects.doctype.project.project.hourly_reminder'}, method='frappe.core.doctype.scheduled_job_type.scheduled_job_type.run_scheduled_jo..., site='kalaerp', user='Administrator') (kalaerp::scheduled_job::erpnext.projects.doctype.project.project.hourly_reminder)
2025-02-28 11:08:01,025 home-dell-kalaerp:default: Job OK (kalaerp::scheduled_job::erpnext.projects.doctype.project.project.hourly_reminder)
2025-02-28 11:08:01,025 Result is kept for 600 seconds
2025-02-28 11:08:01,031 home-dell-kalaerp:default: frappe.utils.background_jobs.execute_job(event=None, is_async=True, job_name='frappe.core.doctype.scheduled_job_type.scheduled_job_type.run_scheduled_jo..., kwargs={'job_type': 'erpnext.stock.doctype.serial_no.serial_no.update_maintenance_..., method='frappe.core.doctype.scheduled_job_type.scheduled_job_type.run_scheduled_jo..., site='kalaerp', user='Administrator') (kalaerp::scheduled_job::erpnext.stock.doctype.serial_no.serial_no.update_maintenance_status)
2025-02-28 11:08:01,361 home-dell-kalaerp:default: Job OK (kalaerp::scheduled_job::erpnext.stock.doctype.serial_no.serial_no.update_maintenance_status)
2025-02-28 11:08:01,361 Result is kept for 600 seconds
2025-02-28 11:08:01,369 home-dell-kalaerp:default: frappe.utils.background_jobs.execute_job(event=None, is_async=True, job_name='frappe.core.doctype.scheduled_job_type.scheduled_job_type.run_scheduled_jo..., kwargs={'job_type': 'frappe.utils.global_search.sync_global_search'}, method='frappe.core.doctype.scheduled_job_type.scheduled_job_type.run_scheduled_jo..., site='kalaerp', user='Administrator') (kalaerp::scheduled_job::frappe.utils.global_search.sync_global_search)
2025-02-28 11:08:01,653 home-dell-kalaerp:default: Job OK (kalaerp::scheduled_job::frappe.utils.global_search.sync_global_search)
2025-02-28 11:08:01,653 Result is kept for 600 seconds
2025-02-28 11:08:01,659 home-dell-kalaerp:default: frappe.utils.background_jobs.execute_job(event=None, is_async=True, job_name='frappe.core.doctype.scheduled_job_type.scheduled_job_type.run_scheduled_jo..., kwargs={'job_type': 'frappe.desk.page.backups.backups.delete_downloadable_backups'..., method='frappe.core.doctype.scheduled_job_type.scheduled_job_type.run_scheduled_jo..., site='kalaerp', user='Administrator') (kalaerp::scheduled_job::frappe.desk.page.backups.backups.delete_downloadable_backups)
2025-02-28 11:08:01,926 home-dell-kalaerp:default: Job OK (kalaerp::scheduled_job::frappe.desk.page.backups.backups.delete_downloadable_backups)
2025-02-28 11:08:01,926 Result is kept for 600 seconds
2025-02-28 11:08:01,932 home-dell-kalaerp:default: frappe.utils.background_jobs.execute_job(event=None, is_async=True, job_name='frappe.core.doctype.scheduled_job_type.scheduled_job_type.run_scheduled_jo..., kwargs={'job_type': 'frappe.monitor.flush'}, method='frappe.core.doctype.scheduled_job_type.scheduled_job_type.run_scheduled_jo..., site='kalaerp', user='Administrator') (kalaerp::scheduled_job::frappe.monitor.flush)
2025-02-28 11:08:02,161 home-dell-kalaerp:default: Job OK (kalaerp::scheduled_job::frappe.monitor.flush)
2025-02-28 11:08:02,162 Result is kept for 600 seconds
2025-02-28 11:08:02,168 home-dell-kalaerp:default: frappe.utils.background_jobs.execute_job(event=None, is_async=True, job_name='frappe.core.doctype.scheduled_job_type.scheduled_job_type.run_scheduled_jo..., kwargs={'job_type': 'frappe.desk.notifications.clear_notifications'}, method='frappe.core.doctype.scheduled_job_type.scheduled_job_type.run_scheduled_jo..., site='kalaerp', user='Administrator') (kalaerp::scheduled_job::frappe.desk.notifications.clear_notifications)
2025-02-28 11:08:02,435 home-dell-kalaerp:default: Job OK (kalaerp::scheduled_job::frappe.desk.notifications.clear_notifications)
2025-02-28 11:08:02,435 Result is kept for 600 seconds
2025-02-28 11:08:02,441 home-dell-kalaerp:default: frappe.utils.background_jobs.execute_job(event=None, is_async=True, job_name='frappe.core.doctype.scheduled_job_type.scheduled_job_type.run_scheduled_jo..., kwargs={'job_type': 'erpnext.crm.doctype.opportunity.opportunity.auto_close_opport..., method='frappe.core.doctype.scheduled_job_type.scheduled_job_type.run_scheduled_jo..., site='kalaerp', user='Administrator') (kalaerp::scheduled_job::erpnext.crm.doctype.opportunity.opportunity.auto_close_opportunity)
2025-02-28 11:08:02,706 home-dell-kalaerp:default: Job OK (kalaerp::scheduled_job::erpnext.crm.doctype.opportunity.opportunity.auto_close_opportunity)
2025-02-28 11:08:02,706 Result is kept for 600 seconds
2025-02-28 11:08:02,712 home-dell-kalaerp:default: frappe.utils.background_jobs.execute_job(event=None, is_async=True, job_name='frappe.core.doctype.scheduled_job_type.scheduled_job_type.run_scheduled_jo..., kwargs={'job_type': 'frappe.oauth.delete_oauth2_data'}, method='frappe.core.doctype.scheduled_job_type.scheduled_job_type.run_scheduled_jo..., site='kalaerp', user='Administrator') (kalaerp::scheduled_job::frappe.oauth.delete_oauth2_data)
2025-02-28 11:08:03,011 home-dell-kalaerp:default: Job OK (kalaerp::scheduled_job::frappe.oauth.delete_oauth2_data)
2025-02-28 11:08:03,011 Result is kept for 600 seconds
2025-02-28 11:08:03,017 home-dell-kalaerp:default: frappe.utils.background_jobs.execute_job(event=None, is_async=True, job_name='frappe.core.doctype.scheduled_job_type.scheduled_job_type.run_scheduled_jo..., kwargs={'job_type': 'erpnext.manufacturing.doctype.bom_update_log.bom_update_log.r..., method='frappe.core.doctype.scheduled_job_type.scheduled_job_type.run_scheduled_jo..., site='kalaerp', user='Administrator') (kalaerp::scheduled_job::erpnext.manufacturing.doctype.bom_update_log.bom_update_log.resume_bom_cost_update_jobs)
2025-02-28 11:08:03,351 home-dell-kalaerp:default: Job OK (kalaerp::scheduled_job::erpnext.manufacturing.doctype.bom_update_log.bom_update_log.resume_bom_cost_update_jobs)
2025-02-28 11:08:03,352 Result is kept for 600 seconds
2025-02-28 11:08:03,358 home-dell-kalaerp:default: frappe.utils.background_jobs.execute_job(event=None, is_async=True, job_name='frappe.core.doctype.scheduled_job_type.scheduled_job_type.run_scheduled_jo..., kwargs={'job_type': 'erpnext.erpnext_integrations.doctype.plaid_settings.plaid_set..., method='frappe.core.doctype.scheduled_job_type.scheduled_job_type.run_scheduled_jo..., site='kalaerp', user='Administrator') (kalaerp::scheduled_job::erpnext.erpnext_integrations.doctype.plaid_settings.plaid_settings.automatic_synchronization)
2025-02-28 11:08:03,675 home-dell-kalaerp:default: Job OK (kalaerp::scheduled_job::erpnext.erpnext_integrations.doctype.plaid_settings.plaid_settings.automatic_synchronization)
2025-02-28 11:08:03,675 Result is kept for 600 seconds
2025-02-28 11:08:03,681 home-dell-kalaerp:default: frappe.utils.background_jobs.execute_job(event=None, is_async=True, job_name='frappe.core.doctype.scheduled_job_type.scheduled_job_type.run_scheduled_jo..., kwargs={'job_type': 'frappe.desk.form.document_follow.send_hourly_updates'}, method='frappe.core.doctype.scheduled_job_type.scheduled_job_type.run_scheduled_jo..., site='kalaerp', user='Administrator') (kalaerp::scheduled_job::frappe.desk.form.document_follow.send_hourly_updates)
2025-02-28 11:08:03,948 home-dell-kalaerp:default: Job OK (kalaerp::scheduled_job::frappe.desk.form.document_follow.send_hourly_updates)
2025-02-28 11:08:03,948 Result is kept for 600 seconds
2025-02-28 11:08:03,954 home-dell-kalaerp:default: frappe.utils.background_jobs.execute_job(event=None, is_async=True, job_name='frappe.core.doctype.scheduled_job_type.scheduled_job_type.run_scheduled_jo..., kwargs={'job_type': 'frappe.model.utils.user_settings.sync_user_settings'}, method='frappe.core.doctype.scheduled_job_type.scheduled_job_type.run_scheduled_jo..., site='kalaerp', user='Administrator') (kalaerp::scheduled_job::frappe.model.utils.user_settings.sync_user_settings)
2025-02-28 11:08:04,208 home-dell-kalaerp:default: Job OK (kalaerp::scheduled_job::frappe.model.utils.user_settings.sync_user_settings)
2025-02-28 11:08:04,208 Result is kept for 600 seconds
2025-02-28 11:08:04,215 home-dell-kalaerp:default: frappe.utils.background_jobs.execute_job(event=None, is_async=True, job_name='frappe.core.doctype.scheduled_job_type.scheduled_job_type.run_scheduled_jo..., kwargs={'job_type': 'frappe.core.doctype.log_settings.log_settings.run_log_clean_u..., method='frappe.core.doctype.scheduled_job_type.scheduled_job_type.run_scheduled_jo..., site='kalaerp', user='Administrator') (kalaerp::scheduled_job::frappe.core.doctype.log_settings.log_settings.run_log_clean_up)
2025-02-28 11:08:04,931 home-dell-kalaerp:default: Job OK (kalaerp::scheduled_job::frappe.core.doctype.log_settings.log_settings.run_log_clean_up)
2025-02-28 11:08:04,932 Result is kept for 600 seconds
2025-02-28 11:08:04,940 home-dell-kalaerp:default: frappe.utils.background_jobs.execute_job(event=None, is_async=True, job_name='frappe.core.doctype.scheduled_job_type.scheduled_job_type.run_scheduled_jo..., kwargs={'job_type': 'erpnext.quality_management.doctype.quality_review.quality_rev..., method='frappe.core.doctype.scheduled_job_type.scheduled_job_type.run_scheduled_jo..., site='kalaerp', user='Administrator') (kalaerp::scheduled_job::erpnext.quality_management.doctype.quality_review.quality_review.review)
2025-02-28 11:08:05,254 home-dell-kalaerp:default: Job OK (kalaerp::scheduled_job::erpnext.quality_management.doctype.quality_review.quality_review.review)
2025-02-28 11:08:05,254 Result is kept for 600 seconds
2025-02-28 11:08:05,260 home-dell-kalaerp:default: frappe.utils.background_jobs.execute_job(event=None, is_async=True, job_name='frappe.core.doctype.scheduled_job_type.scheduled_job_type.run_scheduled_jo..., kwargs={'job_type': 'erpnext.accounts.doctype.fiscal_year.fiscal_year.auto_create_..., method='frappe.core.doctype.scheduled_job_type.scheduled_job_type.run_scheduled_jo..., site='kalaerp', user='Administrator') (kalaerp::scheduled_job::erpnext.accounts.doctype.fiscal_year.fiscal_year.auto_create_fiscal_year)
2025-02-28 11:08:05,592 home-dell-kalaerp:default: Job OK (kalaerp::scheduled_job::erpnext.accounts.doctype.fiscal_year.fiscal_year.auto_create_fiscal_year)
2025-02-28 11:08:05,592 Result is kept for 600 seconds
2025-02-28 11:08:05,598 home-dell-kalaerp:default: frappe.utils.background_jobs.execute_job(event=None, is_async=True, job_name='frappe.core.doctype.scheduled_job_type.scheduled_job_type.run_scheduled_jo..., kwargs={'job_type': 'frappe.automation.doctype.reminder.reminder.send_reminders'}, method='frappe.core.doctype.scheduled_job_type.scheduled_job_type.run_scheduled_jo..., site='kalaerp', user='Administrator') (kalaerp::scheduled_job::frappe.automation.doctype.reminder.reminder.send_reminders)
2025-02-28 11:08:05,899 home-dell-kalaerp:default: Job OK (kalaerp::scheduled_job::frappe.automation.doctype.reminder.reminder.send_reminders)
2025-02-28 11:08:05,899 Result is kept for 600 seconds
2025-02-28 11:08:05,905 home-dell-kalaerp:default: frappe.utils.background_jobs.execute_job(event=None, is_async=True, job_name='frappe.core.doctype.scheduled_job_type.scheduled_job_type.run_scheduled_jo..., kwargs={'job_type': 'erpnext.projects.doctype.task.task.set_tasks_as_overdue'}, method='frappe.core.doctype.scheduled_job_type.scheduled_job_type.run_scheduled_jo..., site='kalaerp', user='Administrator') (kalaerp::scheduled_job::erpnext.projects.doctype.task.task.set_tasks_as_overdue)
2025-02-28 11:08:06,215 home-dell-kalaerp:default: Job OK (kalaerp::scheduled_job::erpnext.projects.doctype.task.task.set_tasks_as_overdue)
2025-02-28 11:08:06,215 Result is kept for 600 seconds
2025-02-28 11:08:06,222 home-dell-kalaerp:default: frappe.utils.background_jobs.execute_job(event=None, is_async=True, job_name='frappe.core.doctype.scheduled_job_type.scheduled_job_type.run_scheduled_jo..., kwargs={'job_type': 'erpnext.crm.doctype.email_campaign.email_campaign.set_email_c..., method='frappe.core.doctype.scheduled_job_type.scheduled_job_type.run_scheduled_jo..., site='kalaerp', user='Administrator') (kalaerp::scheduled_job::erpnext.crm.doctype.email_campaign.email_campaign.set_email_campaign_status)
2025-02-28 11:08:06,613 home-dell-kalaerp:default: Job OK (kalaerp::scheduled_job::erpnext.crm.doctype.email_campaign.email_campaign.set_email_campaign_status)
2025-02-28 11:08:06,613 Result is kept for 600 seconds
2025-02-28 11:08:06,620 home-dell-kalaerp:default: frappe.utils.background_jobs.execute_job(event=None, is_async=True, job_name='frappe.core.doctype.scheduled_job_type.scheduled_job_type.run_scheduled_jo..., kwargs={'job_type': 'erpnext.setup.doctype.company.company.cache_companies_monthly..., method='frappe.core.doctype.scheduled_job_type.scheduled_job_type.run_scheduled_jo..., site='kalaerp', user='Administrator') (kalaerp::scheduled_job::erpnext.setup.doctype.company.company.cache_companies_monthly_sales_history)
2025-02-28 11:08:06,971 home-dell-kalaerp:default: Job OK (kalaerp::scheduled_job::erpnext.setup.doctype.company.company.cache_companies_monthly_sales_history)
2025-02-28 11:08:06,972 Result is kept for 600 seconds
2025-02-28 11:08:06,981 home-dell-kalaerp:default: frappe.utils.background_jobs.execute_job(event=None, is_async=True, job_name='frappe.core.doctype.scheduled_job_type.scheduled_job_type.run_scheduled_jo..., kwargs={'job_type': 'frappe.desk.form.document_follow.send_daily_updates'}, method='frappe.core.doctype.scheduled_job_type.scheduled_job_type.run_scheduled_jo..., site='kalaerp', user='Administrator') (kalaerp::scheduled_job::frappe.desk.form.document_follow.send_daily_updates)
2025-02-28 11:08:07,336 home-dell-kalaerp:default: Job OK (kalaerp::scheduled_job::frappe.desk.form.document_follow.send_daily_updates)
2025-02-28 11:08:07,336 Result is kept for 600 seconds
2025-02-28 11:08:07,342 home-dell-kalaerp:default: frappe.utils.background_jobs.execute_job(event=None, is_async=True, job_name='frappe.core.doctype.scheduled_job_type.scheduled_job_type.run_scheduled_jo..., kwargs={'job_type': 'frappe.email.doctype.notification.notification.trigger_daily_..., method='frappe.core.doctype.scheduled_job_type.scheduled_job_type.run_scheduled_jo..., site='kalaerp', user='Administrator') (kalaerp::scheduled_job::frappe.email.doctype.notification.notification.trigger_daily_alerts)
2025-02-28 11:08:07,696 home-dell-kalaerp:default: Job OK (kalaerp::scheduled_job::frappe.email.doctype.notification.notification.trigger_daily_alerts)
2025-02-28 11:08:07,696 Result is kept for 600 seconds
2025-02-28 11:08:07,702 home-dell-kalaerp:default: frappe.utils.background_jobs.execute_job(event=None, is_async=True, job_name='frappe.core.doctype.scheduled_job_type.scheduled_job_type.run_scheduled_jo..., kwargs={'job_type': 'erpnext.utilities.doctype.video.video.update_youtube_data'}, method='frappe.core.doctype.scheduled_job_type.scheduled_job_type.run_scheduled_jo..., site='kalaerp', user='Administrator') (kalaerp::scheduled_job::erpnext.utilities.doctype.video.video.update_youtube_data)
2025-02-28 11:08:08,077 home-dell-kalaerp:default: Job OK (kalaerp::scheduled_job::erpnext.utilities.doctype.video.video.update_youtube_data)
2025-02-28 11:08:08,078 Result is kept for 600 seconds
2025-02-28 11:08:08,084 home-dell-kalaerp:default: frappe.utils.background_jobs.execute_job(event=None, is_async=True, job_name='frappe.core.doctype.scheduled_job_type.scheduled_job_type.run_scheduled_jo..., kwargs={'job_type': 'frappe.deferred_insert.save_to_db'}, method='frappe.core.doctype.scheduled_job_type.scheduled_job_type.run_scheduled_jo..., site='kalaerp', user='Administrator') (kalaerp::scheduled_job::frappe.deferred_insert.save_to_db)
2025-02-28 11:08:08,410 home-dell-kalaerp:default: Job OK (kalaerp::scheduled_job::frappe.deferred_insert.save_to_db)
2025-02-28 11:08:08,411 Result is kept for 600 seconds
2025-02-28 11:08:08,418 home-dell-kalaerp:default: frappe.utils.background_jobs.execute_job(event=None, is_async=True, job_name='frappe.core.doctype.scheduled_job_type.scheduled_job_type.run_scheduled_jo..., kwargs={'job_type': 'erpnext.projects.doctype.project.project.send_project_status_..., method='frappe.core.doctype.scheduled_job_type.scheduled_job_type.run_scheduled_jo..., site='kalaerp', user='Administrator') (kalaerp::scheduled_job::erpnext.projects.doctype.project.project.send_project_status_email_to_users)
2025-02-28 11:08:08,742 home-dell-kalaerp:default: Job OK (kalaerp::scheduled_job::erpnext.projects.doctype.project.project.send_project_status_email_to_users)
2025-02-28 11:08:08,743 Result is kept for 600 seconds
2025-02-28 11:08:08,749 home-dell-kalaerp:default: frappe.utils.background_jobs.execute_job(event=None, is_async=True, job_name='frappe.core.doctype.scheduled_job_type.scheduled_job_type.run_scheduled_jo..., kwargs={'job_type': 'erpnext.buying.doctype.supplier_quotation.supplier_quotation...., method='frappe.core.doctype.scheduled_job_type.scheduled_job_type.run_scheduled_jo..., site='kalaerp', user='Administrator') (kalaerp::scheduled_job::erpnext.buying.doctype.supplier_quotation.supplier_quotation.set_expired_status)
2025-02-28 11:08:09,070 home-dell-kalaerp:default: Job OK (kalaerp::scheduled_job::erpnext.buying.doctype.supplier_quotation.supplier_quotation.set_expired_status)
2025-02-28 11:08:09,070 Result is kept for 600 seconds
2025-02-28 11:08:09,078 home-dell-kalaerp:default: frappe.utils.background_jobs.execute_job(event=None, is_async=True, job_name='frappe.core.doctype.scheduled_job_type.scheduled_job_type.run_scheduled_jo..., kwargs={'job_type': 'erpnext.projects.doctype.project.project.collect_project_stat..., method='frappe.core.doctype.scheduled_job_type.scheduled_job_type.run_scheduled_jo..., site='kalaerp', user='Administrator') (kalaerp::scheduled_job::erpnext.projects.doctype.project.project.collect_project_status)
2025-02-28 11:08:09,352 home-dell-kalaerp:default: Job OK (kalaerp::scheduled_job::erpnext.projects.doctype.project.project.collect_project_status)
2025-02-28 11:08:09,352 Result is kept for 600 seconds
2025-02-28 11:08:09,359 home-dell-kalaerp:default: frappe.utils.background_jobs.execute_job(event=None, is_async=True, job_name='frappe.core.doctype.scheduled_job_type.scheduled_job_type.run_scheduled_jo..., kwargs={'job_type': 'frappe.website.doctype.web_page.web_page.check_publish_status..., method='frappe.core.doctype.scheduled_job_type.scheduled_job_type.run_scheduled_jo..., site='kalaerp', user='Administrator') (kalaerp::scheduled_job::frappe.website.doctype.web_page.web_page.check_publish_status)
2025-02-28 11:08:09,686 home-dell-kalaerp:default: Job OK (kalaerp::scheduled_job::frappe.website.doctype.web_page.web_page.check_publish_status)
2025-02-28 11:08:09,686 Result is kept for 600 seconds
2025-02-28 11:08:09,694 home-dell-kalaerp:default: frappe.utils.background_jobs.execute_job(event=None, is_async=True, job_name='frappe.core.doctype.scheduled_job_type.scheduled_job_type.run_scheduled_jo..., kwargs={'job_type': 'erpnext.stock.reorder_item.reorder_item'}, method='frappe.core.doctype.scheduled_job_type.scheduled_job_type.run_scheduled_jo..., site='kalaerp', user='Administrator') (kalaerp::scheduled_job::erpnext.stock.reorder_item.reorder_item)
2025-02-28 11:08:10,038 home-dell-kalaerp:default: Job OK (kalaerp::scheduled_job::erpnext.stock.reorder_item.reorder_item)
2025-02-28 11:08:10,038 Result is kept for 600 seconds
2025-02-28 11:08:10,047 home-dell-kalaerp:default: frappe.utils.background_jobs.execute_job(event=None, is_async=True, job_name='frappe.core.doctype.scheduled_job_type.scheduled_job_type.run_scheduled_jo..., kwargs={'job_type': 'erpnext.accounts.utils.run_ledger_health_checks'}, method='frappe.core.doctype.scheduled_job_type.scheduled_job_type.run_scheduled_jo..., site='kalaerp', user='Administrator') (kalaerp::scheduled_job::erpnext.accounts.utils.run_ledger_health_checks)
2025-02-28 11:08:10,424 home-dell-kalaerp:default: Job OK (kalaerp::scheduled_job::erpnext.accounts.utils.run_ledger_health_checks)
2025-02-28 11:08:10,424 Result is kept for 600 seconds
2025-02-28 11:08:10,430 home-dell-kalaerp:default: frappe.utils.background_jobs.execute_job(event=None, is_async=True, job_name='frappe.core.doctype.scheduled_job_type.scheduled_job_type.run_scheduled_jo..., kwargs={'job_type': 'erpnext.assets.doctype.asset_maintenance_log.asset_maintenanc..., method='frappe.core.doctype.scheduled_job_type.scheduled_job_type.run_scheduled_jo..., site='kalaerp', user='Administrator') (kalaerp::scheduled_job::erpnext.assets.doctype.asset_maintenance_log.asset_maintenance_log.update_asset_maintenance_log_status)
2025-02-28 11:08:10,684 home-dell-kalaerp:default: Job OK (kalaerp::scheduled_job::erpnext.assets.doctype.asset_maintenance_log.asset_maintenance_log.update_asset_maintenance_log_status)
2025-02-28 11:08:10,685 Result is kept for 600 seconds
2025-02-28 11:08:10,691 home-dell-kalaerp:default: frappe.utils.background_jobs.execute_job(event=None, is_async=True, job_name='frappe.core.doctype.scheduled_job_type.scheduled_job_type.run_scheduled_jo..., kwargs={'job_type': 'frappe.core.doctype.prepared_report.prepared_report.expire_st..., method='frappe.core.doctype.scheduled_job_type.scheduled_job_type.run_scheduled_jo..., site='kalaerp', user='Administrator') (kalaerp::scheduled_job::frappe.core.doctype.prepared_report.prepared_report.expire_stalled_report)
2025-02-28 11:08:10,944 home-dell-kalaerp:default: Job OK (kalaerp::scheduled_job::frappe.core.doctype.prepared_report.prepared_report.expire_stalled_report)
2025-02-28 11:08:10,945 Result is kept for 600 seconds
2025-02-28 11:08:10,952 home-dell-kalaerp:default: frappe.utils.background_jobs.execute_job(event=None, is_async=True, job_name='frappe.core.doctype.scheduled_job_type.scheduled_job_type.run_scheduled_jo..., kwargs={'job_type': 'frappe.website.doctype.personal_data_deletion_request.persona..., method='frappe.core.doctype.scheduled_job_type.scheduled_job_type.run_scheduled_jo..., site='kalaerp', user='Administrator') (kalaerp::scheduled_job::frappe.website.doctype.personal_data_deletion_request.personal_data_deletion_request.remove_unverified_record)
2025-02-28 11:08:11,232 home-dell-kalaerp:default: Job OK (kalaerp::scheduled_job::frappe.website.doctype.personal_data_deletion_request.personal_data_deletion_request.remove_unverified_record)
2025-02-28 11:08:11,232 Result is kept for 600 seconds
2025-02-28 11:08:11,240 home-dell-kalaerp:default: frappe.utils.background_jobs.execute_job(event=None, is_async=True, job_name='frappe.core.doctype.scheduled_job_type.scheduled_job_type.run_scheduled_jo..., kwargs={'job_type': 'frappe.email.doctype.newsletter.newsletter.send_scheduled_ema..., method='frappe.core.doctype.scheduled_job_type.scheduled_job_type.run_scheduled_jo..., site='kalaerp', user='Administrator') (kalaerp::scheduled_job::frappe.email.doctype.newsletter.newsletter.send_scheduled_email)
2025-02-28 11:08:11,556 home-dell-kalaerp:default: Job OK (kalaerp::scheduled_job::frappe.email.doctype.newsletter.newsletter.send_scheduled_email)
2025-02-28 11:08:11,556 Result is kept for 600 seconds
2025-02-28 11:08:11,563 home-dell-kalaerp:default: frappe.utils.background_jobs.execute_job(event=None, is_async=True, job_name='frappe.core.doctype.scheduled_job_type.scheduled_job_type.run_scheduled_jo..., kwargs={'job_type': 'frappe.integrations.doctype.google_calendar.google_calendar.s..., method='frappe.core.doctype.scheduled_job_type.scheduled_job_type.run_scheduled_jo..., site='kalaerp', user='Administrator') (kalaerp::scheduled_job::frappe.integrations.doctype.google_calendar.google_calendar.sync)
2025-02-28 11:08:12,174 home-dell-kalaerp:default: Job OK (kalaerp::scheduled_job::frappe.integrations.doctype.google_calendar.google_calendar.sync)
2025-02-28 11:08:12,174 Result is kept for 600 seconds
2025-02-28 11:08:12,185 home-dell-kalaerp:default: frappe.utils.background_jobs.execute_job(event=None, is_async=True, job_name='frappe.core.doctype.scheduled_job_type.scheduled_job_type.run_scheduled_jo..., kwargs={'job_type': 'frappe.integrations.doctype.google_contacts.google_contacts.s..., method='frappe.core.doctype.scheduled_job_type.scheduled_job_type.run_scheduled_jo..., site='kalaerp', user='Administrator') (kalaerp::scheduled_job::frappe.integrations.doctype.google_contacts.google_contacts.sync)
2025-02-28 11:08:12,724 home-dell-kalaerp:default: Job OK (kalaerp::scheduled_job::frappe.integrations.doctype.google_contacts.google_contacts.sync)
2025-02-28 11:08:12,724 Result is kept for 600 seconds
2025-02-28 11:08:12,731 home-dell-kalaerp:default: frappe.utils.background_jobs.execute_job(event=None, is_async=True, job_name='frappe.core.doctype.scheduled_job_type.scheduled_job_type.run_scheduled_jo..., kwargs={'job_type': 'erpnext.accounts.doctype.process_statement_of_accounts.proces..., method='frappe.core.doctype.scheduled_job_type.scheduled_job_type.run_scheduled_jo..., site='kalaerp', user='Administrator') (kalaerp::scheduled_job::erpnext.accounts.doctype.process_statement_of_accounts.process_statement_of_accounts.send_auto_email)
2025-02-28 11:08:13,174 home-dell-kalaerp:default: Job OK (kalaerp::scheduled_job::erpnext.accounts.doctype.process_statement_of_accounts.process_statement_of_accounts.send_auto_email)
2025-02-28 11:08:13,174 Result is kept for 600 seconds
2025-02-28 11:08:13,182 home-dell-kalaerp:default: frappe.utils.background_jobs.execute_job(event=None, is_async=True, job_name='frappe.core.doctype.scheduled_job_type.scheduled_job_type.run_scheduled_jo..., kwargs={'job_type': 'frappe.sessions.clear_expired_sessions'}, method='frappe.core.doctype.scheduled_job_type.scheduled_job_type.run_scheduled_jo..., site='kalaerp', user='Administrator') (kalaerp::scheduled_job::frappe.sessions.clear_expired_sessions)
2025-02-28 11:08:13,437 home-dell-kalaerp:default: Job OK (kalaerp::scheduled_job::frappe.sessions.clear_expired_sessions)
2025-02-28 11:08:13,438 Result is kept for 600 seconds
2025-02-28 11:08:13,444 home-dell-kalaerp:default: frappe.utils.background_jobs.execute_job(event=None, is_async=True, job_name='frappe.core.doctype.scheduled_job_type.scheduled_job_type.run_scheduled_jo..., kwargs={'job_type': 'frappe.email.queue.flush'}, method='frappe.core.doctype.scheduled_job_type.scheduled_job_type.run_scheduled_jo..., site='kalaerp', user='Administrator') (kalaerp::scheduled_job::frappe.email.queue.flush)
2025-02-28 11:08:13,771 home-dell-kalaerp:default: Job OK (kalaerp::scheduled_job::frappe.email.queue.flush)
2025-02-28 11:08:13,771 Result is kept for 600 seconds
2025-02-28 11:08:13,778 home-dell-kalaerp:default: frappe.utils.background_jobs.execute_job(event=None, is_async=True, job_name='frappe.core.doctype.scheduled_job_type.scheduled_job_type.run_scheduled_jo..., kwargs={'job_type': 'erpnext.accounts.utils.auto_create_exchange_rate_revaluation_..., method='frappe.core.doctype.scheduled_job_type.scheduled_job_type.run_scheduled_jo..., site='kalaerp', user='Administrator') (kalaerp::scheduled_job::erpnext.accounts.utils.auto_create_exchange_rate_revaluation_daily)
2025-02-28 11:08:14,048 home-dell-kalaerp:default: Job OK (kalaerp::scheduled_job::erpnext.accounts.utils.auto_create_exchange_rate_revaluation_daily)
2025-02-28 11:08:14,048 Result is kept for 600 seconds
2025-02-28 11:08:14,055 home-dell-kalaerp:default: frappe.utils.background_jobs.execute_job(event=None, is_async=True, job_name='frappe.core.doctype.scheduled_job_type.scheduled_job_type.run_scheduled_jo..., kwargs={'job_type': 'erpnext.assets.doctype.asset.asset.make_post_gl_entry'}, method='frappe.core.doctype.scheduled_job_type.scheduled_job_type.run_scheduled_jo..., site='kalaerp', user='Administrator') (kalaerp::scheduled_job::erpnext.assets.doctype.asset.asset.make_post_gl_entry)
2025-02-28 11:08:14,401 home-dell-kalaerp:default: Job OK (kalaerp::scheduled_job::erpnext.assets.doctype.asset.asset.make_post_gl_entry)
2025-02-28 11:08:14,402 Result is kept for 600 seconds
2025-02-28 11:08:14,408 home-dell-kalaerp:default: frappe.utils.background_jobs.execute_job(event=None, is_async=True, job_name='frappe.core.doctype.scheduled_job_type.scheduled_job_type.run_scheduled_jo..., kwargs={'job_type': 'erpnext.crm.doctype.email_campaign.email_campaign.send_email_..., method='frappe.core.doctype.scheduled_job_type.scheduled_job_type.run_scheduled_jo..., site='kalaerp', user='Administrator') (kalaerp::scheduled_job::erpnext.crm.doctype.email_campaign.email_campaign.send_email_to_leads_or_contacts)
2025-02-28 11:08:14,783 home-dell-kalaerp:default: Job OK (kalaerp::scheduled_job::erpnext.crm.doctype.email_campaign.email_campaign.send_email_to_leads_or_contacts)
2025-02-28 11:08:14,783 Result is kept for 600 seconds
2025-02-28 11:08:14,791 home-dell-kalaerp:default: frappe.utils.background_jobs.execute_job(event=None, is_async=True, job_name='frappe.core.doctype.scheduled_job_type.scheduled_job_type.run_scheduled_jo..., kwargs={'job_type': 'frappe.model.utils.link_count.update_link_count'}, method='frappe.core.doctype.scheduled_job_type.scheduled_job_type.run_scheduled_jo..., site='kalaerp', user='Administrator') (kalaerp::scheduled_job::frappe.model.utils.link_count.update_link_count)
2025-02-28 11:08:15,049 home-dell-kalaerp:default: Job OK (kalaerp::scheduled_job::frappe.model.utils.link_count.update_link_count)
2025-02-28 11:08:15,049 Result is kept for 600 seconds
2025-02-28 11:08:15,055 home-dell-kalaerp:default: frappe.utils.background_jobs.execute_job(event=None, is_async=True, job_name='frappe.core.doctype.scheduled_job_type.scheduled_job_type.run_scheduled_jo..., kwargs={'job_type': 'frappe.automation.doctype.auto_repeat.auto_repeat.make_auto_r..., method='frappe.core.doctype.scheduled_job_type.scheduled_job_type.run_scheduled_jo..., site='kalaerp', user='Administrator') (kalaerp::scheduled_job::frappe.automation.doctype.auto_repeat.auto_repeat.make_auto_repeat_entry)
2025-02-28 11:08:15,423 home-dell-kalaerp:default: Job OK (kalaerp::scheduled_job::frappe.automation.doctype.auto_repeat.auto_repeat.make_auto_repeat_entry)
2025-02-28 11:08:15,423 Result is kept for 600 seconds
2025-02-28 11:08:15,430 home-dell-kalaerp:default: frappe.utils.background_jobs.execute_job(event=None, is_async=True, job_name='frappe.automation.doctype.auto_repeat.auto_repeat.create_repeated_entries', kwargs={'data': []}, method='frappe.automation.doctype.auto_repeat.auto_repeat.create_repeated_entries', site='kalaerp', user='Administrator') (kalaerp::44ff3696-3e9e-405f-8923-b5ea8fe774c7)
2025-02-28 11:08:15,660 home-dell-kalaerp:default: Job OK (kalaerp::44ff3696-3e9e-405f-8923-b5ea8fe774c7)
2025-02-28 11:08:15,660 Result is kept for 600 seconds
2025-02-28 11:08:15,666 home-dell-kalaerp:long: frappe.utils.background_jobs.execute_job(event=None, is_async=True, job_name='frappe.core.doctype.scheduled_job_type.scheduled_job_type.run_scheduled_jo..., kwargs={'job_type': 'erpnext.utilities.bulk_transaction.retry'}, method='frappe.core.doctype.scheduled_job_type.scheduled_job_type.run_scheduled_jo..., site='kalaerp', user='Administrator') (kalaerp::scheduled_job::erpnext.utilities.bulk_transaction.retry)
2025-02-28 11:08:15,982 home-dell-kalaerp:long: Job OK (kalaerp::scheduled_job::erpnext.utilities.bulk_transaction.retry)
2025-02-28 11:08:15,983 Result is kept for 600 seconds
2025-02-28 11:08:15,991 home-dell-kalaerp:long: frappe.utils.background_jobs.execute_job(event=None, is_async=True, job_name='frappe.core.doctype.scheduled_job_type.scheduled_job_type.run_scheduled_jo..., kwargs={'job_type': 'erpnext.assets.doctype.asset.depreciation.post_depreciation_e..., method='frappe.core.doctype.scheduled_job_type.scheduled_job_type.run_scheduled_jo..., site='kalaerp', user='Administrator') (kalaerp::scheduled_job::erpnext.assets.doctype.asset.depreciation.post_depreciation_entries)
2025-02-28 11:08:16,349 home-dell-kalaerp:long: Job OK (kalaerp::scheduled_job::erpnext.assets.doctype.asset.depreciation.post_depreciation_entries)
2025-02-28 11:08:16,350 Result is kept for 600 seconds
2025-02-28 11:08:16,357 home-dell-kalaerp:long: frappe.utils.background_jobs.execute_job(event=None, is_async=True, job_name='frappe.core.doctype.scheduled_job_type.scheduled_job_type.run_scheduled_jo..., kwargs={'job_type': 'erpnext.setup.doctype.email_digest.email_digest.send'}, method='frappe.core.doctype.scheduled_job_type.scheduled_job_type.run_scheduled_jo..., site='kalaerp', user='Administrator') (kalaerp::scheduled_job::erpnext.setup.doctype.email_digest.email_digest.send)
2025-02-28 11:08:16,707 home-dell-kalaerp:long: Job OK (kalaerp::scheduled_job::erpnext.setup.doctype.email_digest.email_digest.send)
2025-02-28 11:08:16,707 Result is kept for 600 seconds
2025-02-28 11:08:16,714 home-dell-kalaerp:long: frappe.utils.background_jobs.execute_job(event=None, is_async=True, job_name='frappe.core.doctype.scheduled_job_type.scheduled_job_type.run_scheduled_jo..., kwargs={'job_type': 'frappe.integrations.doctype.s3_backup_settings.s3_backup_sett..., method='frappe.core.doctype.scheduled_job_type.scheduled_job_type.run_scheduled_jo..., site='kalaerp', user='Administrator') (kalaerp::scheduled_job::frappe.integrations.doctype.s3_backup_settings.s3_backup_settings.take_backups_daily)
2025-02-28 11:08:17,173 home-dell-kalaerp:long: Job OK (kalaerp::scheduled_job::frappe.integrations.doctype.s3_backup_settings.s3_backup_settings.take_backups_daily)
2025-02-28 11:08:17,173 Result is kept for 600 seconds
2025-02-28 11:08:17,182 home-dell-kalaerp:long: frappe.utils.background_jobs.execute_job(event=None, is_async=True, job_name='frappe.core.doctype.scheduled_job_type.scheduled_job_type.run_scheduled_jo..., kwargs={'job_type': 'frappe.integrations.doctype.dropbox_settings.dropbox_settings..., method='frappe.core.doctype.scheduled_job_type.scheduled_job_type.run_scheduled_jo..., site='kalaerp', user='Administrator') (kalaerp::scheduled_job::frappe.integrations.doctype.dropbox_settings.dropbox_settings.take_backups_daily)
2025-02-28 11:08:17,731 home-dell-kalaerp:long: Job OK (kalaerp::scheduled_job::frappe.integrations.doctype.dropbox_settings.dropbox_settings.take_backups_daily)
2025-02-28 11:08:17,731 Result is kept for 600 seconds
2025-02-28 11:08:17,739 home-dell-kalaerp:long: frappe.utils.background_jobs.execute_job(event=None, is_async=True, job_name='frappe.core.doctype.scheduled_job_type.scheduled_job_type.run_scheduled_jo..., kwargs={'job_type': 'erpnext.accounts.doctype.process_subscription.process_subscri..., method='frappe.core.doctype.scheduled_job_type.scheduled_job_type.run_scheduled_jo..., site='kalaerp', user='Administrator') (kalaerp::scheduled_job::erpnext.accounts.doctype.process_subscription.process_subscription.create_subscription_process)
2025-02-28 11:08:18,159 home-dell-kalaerp:long: Job OK (kalaerp::scheduled_job::erpnext.accounts.doctype.process_subscription.process_subscription.create_subscription_process)
2025-02-28 11:08:18,159 Result is kept for 600 seconds
2025-02-28 11:08:18,169 home-dell-kalaerp:long: frappe.utils.background_jobs.execute_job(event=None, is_async=True, job_name='frappe.core.doctype.scheduled_job_type.scheduled_job_type.run_scheduled_jo..., kwargs={'job_type': 'frappe.integrations.doctype.google_drive.google_drive.daily_b..., method='frappe.core.doctype.scheduled_job_type.scheduled_job_type.run_scheduled_jo..., site='kalaerp', user='Administrator') (kalaerp::scheduled_job::frappe.integrations.doctype.google_drive.google_drive.daily_backup)
2025-02-28 11:08:18,698 home-dell-kalaerp:long: Job OK (kalaerp::scheduled_job::frappe.integrations.doctype.google_drive.google_drive.daily_backup)
2025-02-28 11:08:18,698 Result is kept for 600 seconds
2025-02-28 11:08:18,705 home-dell-kalaerp:long: frappe.utils.background_jobs.execute_job(event=None, is_async=True, job_name='frappe.core.doctype.scheduled_job_type.scheduled_job_type.run_scheduled_jo..., kwargs={'job_type': 'erpnext.manufacturing.doctype.bom_update_tool.bom_update_tool..., method='frappe.core.doctype.scheduled_job_type.scheduled_job_type.run_scheduled_jo..., site='kalaerp', user='Administrator') (kalaerp::scheduled_job::erpnext.manufacturing.doctype.bom_update_tool.bom_update_tool.auto_update_latest_price_in_all_boms)
2025-02-28 11:08:18,996 home-dell-kalaerp:long: Job OK (kalaerp::scheduled_job::erpnext.manufacturing.doctype.bom_update_tool.bom_update_tool.auto_update_latest_price_in_all_boms)
2025-02-28 11:08:18,996 Result is kept for 600 seconds
2025-02-28 11:08:19,003 home-dell-kalaerp:long: frappe.utils.background_jobs.execute_job(event=None, is_async=True, job_name='frappe.core.doctype.scheduled_job_type.scheduled_job_type.run_scheduled_jo..., kwargs={'job_type': 'erpnext.stock.doctype.repost_item_valuation.repost_item_valua..., method='frappe.core.doctype.scheduled_job_type.scheduled_job_type.run_scheduled_jo..., site='kalaerp', user='Administrator') (kalaerp::scheduled_job::erpnext.stock.doctype.repost_item_valuation.repost_item_valuation.repost_entries)
2025-02-28 11:08:19,409 home-dell-kalaerp:long: Job OK (kalaerp::scheduled_job::erpnext.stock.doctype.repost_item_valuation.repost_item_valuation.repost_entries)
2025-02-28 11:08:19,409 Result is kept for 600 seconds
2025-02-28 11:08:19,417 home-dell-kalaerp:long: frappe.utils.background_jobs.execute_job(event=None, is_async=True, job_name='frappe.core.doctype.scheduled_job_type.scheduled_job_type.run_scheduled_jo..., kwargs={'job_type': 'erpnext.crm.utils.open_leads_opportunities_based_on_todays_ev..., method='frappe.core.doctype.scheduled_job_type.scheduled_job_type.run_scheduled_jo..., site='kalaerp', user='Administrator') (kalaerp::scheduled_job::erpnext.crm.utils.open_leads_opportunities_based_on_todays_event)
2025-02-28 11:08:19,729 home-dell-kalaerp:long: Job OK (kalaerp::scheduled_job::erpnext.crm.utils.open_leads_opportunities_based_on_todays_event)
2025-02-28 11:08:19,730 Result is kept for 600 seconds
2025-02-28 11:08:19,736 home-dell-kalaerp:long: frappe.utils.background_jobs.execute_job(event=None, is_async=True, job_name='frappe.core.doctype.scheduled_job_type.scheduled_job_type.run_scheduled_jo..., kwargs={'job_type': 'frappe.email.doctype.auto_email_report.auto_email_report.send..., method='frappe.core.doctype.scheduled_job_type.scheduled_job_type.run_scheduled_jo..., site='kalaerp', user='Administrator') (kalaerp::scheduled_job::frappe.email.doctype.auto_email_report.auto_email_report.send_daily)
2025-02-28 11:08:20,246 home-dell-kalaerp:long: Job OK (kalaerp::scheduled_job::frappe.email.doctype.auto_email_report.auto_email_report.send_daily)
2025-02-28 11:08:20,247 Result is kept for 600 seconds
2025-02-28 11:10:57,099 home-dell-kalaerp:default: frappe.utils.background_jobs.execute_job(event=None, is_async=True, job_name='frappe.core.doctype.scheduled_job_type.scheduled_job_type.run_scheduled_jo..., kwargs={'job_type': 'frappe.email.doctype.email_account.email_account.pull'}, method='frappe.core.doctype.scheduled_job_type.scheduled_job_type.run_scheduled_jo..., site='kalaerp', user='Administrator') (kalaerp::scheduled_job::frappe.email.doctype.email_account.email_account.pull)
2025-02-28 11:10:57,499 home-dell-kalaerp:default: Job OK (kalaerp::scheduled_job::frappe.email.doctype.email_account.email_account.pull)
2025-02-28 11:10:57,499 Result is kept for 600 seconds
2025-02-28 11:12:57,640 home-dell-kalaerp:default: frappe.utils.background_jobs.execute_job(event=None, is_async=True, job_name='frappe.core.doctype.scheduled_job_type.scheduled_job_type.run_scheduled_jo..., kwargs={'job_type': 'frappe.monitor.flush'}, method='frappe.core.doctype.scheduled_job_type.scheduled_job_type.run_scheduled_jo..., site='kalaerp', user='Administrator') (kalaerp::scheduled_job::frappe.monitor.flush)
2025-02-28 11:12:57,971 home-dell-kalaerp:default: Job OK (kalaerp::scheduled_job::frappe.monitor.flush)
2025-02-28 11:12:57,972 Result is kept for 600 seconds
2025-02-28 11:12:57,978 home-dell-kalaerp:default: frappe.utils.background_jobs.execute_job(event=None, is_async=True, job_name='frappe.core.doctype.scheduled_job_type.scheduled_job_type.run_scheduled_jo..., kwargs={'job_type': 'frappe.email.queue.flush'}, method='frappe.core.doctype.scheduled_job_type.scheduled_job_type.run_scheduled_jo..., site='kalaerp', user='Administrator') (kalaerp::scheduled_job::frappe.email.queue.flush)
2025-02-28 11:12:58,310 home-dell-kalaerp:default: Job OK (kalaerp::scheduled_job::frappe.email.queue.flush)
2025-02-28 11:12:58,310 Result is kept for 600 seconds
2025-02-28 11:15:58,834 home-dell-kalaerp:default: frappe.utils.background_jobs.execute_job(event=None, is_async=True, job_name='frappe.core.doctype.scheduled_job_type.scheduled_job_type.run_scheduled_jo..., kwargs={'job_type': 'frappe.website.doctype.web_page.web_page.check_publish_status..., method='frappe.core.doctype.scheduled_job_type.scheduled_job_type.run_scheduled_jo..., site='kalaerp', user='Administrator') (kalaerp::scheduled_job::frappe.website.doctype.web_page.web_page.check_publish_status)
2025-02-28 11:15:59,160 home-dell-kalaerp:default: Job OK (kalaerp::scheduled_job::frappe.website.doctype.web_page.web_page.check_publish_status)
2025-02-28 11:15:59,160 Result is kept for 600 seconds
2025-02-28 11:15:59,167 home-dell-kalaerp:default: frappe.utils.background_jobs.execute_job(event=None, is_async=True, job_name='frappe.core.doctype.scheduled_job_type.scheduled_job_type.run_scheduled_jo..., kwargs={'job_type': 'frappe.oauth.delete_oauth2_data'}, method='frappe.core.doctype.scheduled_job_type.scheduled_job_type.run_scheduled_jo..., site='kalaerp', user='Administrator') (kalaerp::scheduled_job::frappe.oauth.delete_oauth2_data)
2025-02-28 11:15:59,462 home-dell-kalaerp:default: Job OK (kalaerp::scheduled_job::frappe.oauth.delete_oauth2_data)
2025-02-28 11:15:59,462 Result is kept for 600 seconds
2025-02-28 11:15:59,468 home-dell-kalaerp:default: frappe.utils.background_jobs.execute_job(event=None, is_async=True, job_name='frappe.core.doctype.scheduled_job_type.scheduled_job_type.run_scheduled_jo..., kwargs={'job_type': 'frappe.automation.doctype.reminder.reminder.send_reminders'}, method='frappe.core.doctype.scheduled_job_type.scheduled_job_type.run_scheduled_jo..., site='kalaerp', user='Administrator') (kalaerp::scheduled_job::frappe.automation.doctype.reminder.reminder.send_reminders)
2025-02-28 11:15:59,739 home-dell-kalaerp:default: Job OK (kalaerp::scheduled_job::frappe.automation.doctype.reminder.reminder.send_reminders)
2025-02-28 11:15:59,740 Result is kept for 600 seconds
2025-02-28 11:15:59,745 home-dell-kalaerp:default: frappe.utils.background_jobs.execute_job(event=None, is_async=True, job_name='frappe.core.doctype.scheduled_job_type.scheduled_job_type.run_scheduled_jo..., kwargs={'job_type': 'frappe.utils.global_search.sync_global_search'}, method='frappe.core.doctype.scheduled_job_type.scheduled_job_type.run_scheduled_jo..., site='kalaerp', user='Administrator') (kalaerp::scheduled_job::frappe.utils.global_search.sync_global_search)
2025-02-28 11:16:00,048 home-dell-kalaerp:default: Job OK (kalaerp::scheduled_job::frappe.utils.global_search.sync_global_search)
2025-02-28 11:16:00,049 Result is kept for 600 seconds
2025-02-28 11:16:00,065 home-dell-kalaerp:default: frappe.utils.background_jobs.execute_job(event=None, is_async=True, job_name='frappe.core.doctype.scheduled_job_type.scheduled_job_type.run_scheduled_jo..., kwargs={'job_type': 'erpnext.manufacturing.doctype.bom_update_log.bom_update_log.r..., method='frappe.core.doctype.scheduled_job_type.scheduled_job_type.run_scheduled_jo..., site='kalaerp', user='Administrator') (kalaerp::scheduled_job::erpnext.manufacturing.doctype.bom_update_log.bom_update_log.resume_bom_cost_update_jobs)
2025-02-28 11:16:00,423 home-dell-kalaerp:default: Job OK (kalaerp::scheduled_job::erpnext.manufacturing.doctype.bom_update_log.bom_update_log.resume_bom_cost_update_jobs)
2025-02-28 11:16:00,423 Result is kept for 600 seconds
2025-02-28 11:16:00,429 home-dell-kalaerp:default: frappe.utils.background_jobs.execute_job(event=None, is_async=True, job_name='frappe.core.doctype.scheduled_job_type.scheduled_job_type.run_scheduled_jo..., kwargs={'job_type': 'frappe.twofactor.delete_all_barcodes_for_users'}, method='frappe.core.doctype.scheduled_job_type.scheduled_job_type.run_scheduled_jo..., site='kalaerp', user='Administrator') (kalaerp::scheduled_job::frappe.twofactor.delete_all_barcodes_for_users)
2025-02-28 11:16:00,685 home-dell-kalaerp:default: Job OK (kalaerp::scheduled_job::frappe.twofactor.delete_all_barcodes_for_users)
2025-02-28 11:16:00,685 Result is kept for 600 seconds
2025-02-28 11:16:00,691 home-dell-kalaerp:default: frappe.utils.background_jobs.execute_job(event=None, is_async=True, job_name='frappe.core.doctype.scheduled_job_type.scheduled_job_type.run_scheduled_jo..., kwargs={'job_type': 'frappe.email.doctype.email_account.email_account.notify_unrep..., method='frappe.core.doctype.scheduled_job_type.scheduled_job_type.run_scheduled_jo..., site='kalaerp', user='Administrator') (kalaerp::scheduled_job::frappe.email.doctype.email_account.email_account.notify_unreplied)
2025-02-28 11:16:00,960 home-dell-kalaerp:default: Job OK (kalaerp::scheduled_job::frappe.email.doctype.email_account.email_account.notify_unreplied)
2025-02-28 11:16:00,960 Result is kept for 600 seconds
2025-02-28 11:16:00,966 home-dell-kalaerp:default: frappe.utils.background_jobs.execute_job(event=None, is_async=True, job_name='frappe.core.doctype.scheduled_job_type.scheduled_job_type.run_scheduled_jo..., kwargs={'job_type': 'frappe.deferred_insert.save_to_db'}, method='frappe.core.doctype.scheduled_job_type.scheduled_job_type.run_scheduled_jo..., site='kalaerp', user='Administrator') (kalaerp::scheduled_job::frappe.deferred_insert.save_to_db)
2025-02-28 11:16:01,255 home-dell-kalaerp:default: Job OK (kalaerp::scheduled_job::frappe.deferred_insert.save_to_db)
2025-02-28 11:16:01,255 Result is kept for 600 seconds
2025-02-28 11:16:59,329 home-dell-kalaerp:default: frappe.utils.background_jobs.execute_job(event=None, is_async=True, job_name='frappe.core.doctype.scheduled_job_type.scheduled_job_type.run_scheduled_jo..., kwargs={'job_type': 'frappe.email.queue.flush'}, method='frappe.core.doctype.scheduled_job_type.scheduled_job_type.run_scheduled_jo..., site='kalaerp', user='Administrator') (kalaerp::scheduled_job::frappe.email.queue.flush)
2025-02-28 11:16:59,646 home-dell-kalaerp:default: Job OK (kalaerp::scheduled_job::frappe.email.queue.flush)
2025-02-28 11:16:59,646 Result is kept for 600 seconds
2025-02-28 11:16:59,653 home-dell-kalaerp:default: frappe.utils.background_jobs.execute_job(event=None, is_async=True, job_name='frappe.core.doctype.scheduled_job_type.scheduled_job_type.run_scheduled_jo..., kwargs={'job_type': 'frappe.monitor.flush'}, method='frappe.core.doctype.scheduled_job_type.scheduled_job_type.run_scheduled_jo..., site='kalaerp', user='Administrator') (kalaerp::scheduled_job::frappe.monitor.flush)
2025-02-28 11:16:59,870 home-dell-kalaerp:default: Job OK (kalaerp::scheduled_job::frappe.monitor.flush)
2025-02-28 11:16:59,871 Result is kept for 600 seconds
2025-02-28 11:20:00,499 home-dell-kalaerp:default: frappe.utils.background_jobs.execute_job(event=None, is_async=True, job_name='frappe.core.doctype.scheduled_job_type.scheduled_job_type.run_scheduled_jo..., kwargs={'job_type': 'frappe.monitor.flush'}, method='frappe.core.doctype.scheduled_job_type.scheduled_job_type.run_scheduled_jo..., site='kalaerp', user='Administrator') (kalaerp::scheduled_job::frappe.monitor.flush)
2025-02-28 11:20:00,737 home-dell-kalaerp:default: Job OK (kalaerp::scheduled_job::frappe.monitor.flush)
2025-02-28 11:20:00,737 Result is kept for 600 seconds
2025-02-28 11:20:00,743 home-dell-kalaerp:default: frappe.utils.background_jobs.execute_job(event=None, is_async=True, job_name='frappe.core.doctype.scheduled_job_type.scheduled_job_type.run_scheduled_jo..., kwargs={'job_type': 'frappe.email.queue.flush'}, method='frappe.core.doctype.scheduled_job_type.scheduled_job_type.run_scheduled_jo..., site='kalaerp', user='Administrator') (kalaerp::scheduled_job::frappe.email.queue.flush)
2025-02-28 11:20:01,076 home-dell-kalaerp:default: Job OK (kalaerp::scheduled_job::frappe.email.queue.flush)
2025-02-28 11:20:01,076 Result is kept for 600 seconds
2025-02-28 11:20:01,083 home-dell-kalaerp:default: frappe.utils.background_jobs.execute_job(event=None, is_async=True, job_name='frappe.core.doctype.scheduled_job_type.scheduled_job_type.run_scheduled_jo..., kwargs={'job_type': 'frappe.email.doctype.email_account.email_account.pull'}, method='frappe.core.doctype.scheduled_job_type.scheduled_job_type.run_scheduled_jo..., site='kalaerp', user='Administrator') (kalaerp::scheduled_job::frappe.email.doctype.email_account.email_account.pull)
2025-02-28 11:20:01,363 home-dell-kalaerp:default: Job OK (kalaerp::scheduled_job::frappe.email.doctype.email_account.email_account.pull)
2025-02-28 11:20:01,364 Result is kept for 600 seconds
2025-02-28 11:24:02,412 home-dell-kalaerp:default: frappe.utils.background_jobs.execute_job(event=None, is_async=True, job_name='frappe.core.doctype.scheduled_job_type.scheduled_job_type.run_scheduled_jo..., kwargs={'job_type': 'frappe.monitor.flush'}, method='frappe.core.doctype.scheduled_job_type.scheduled_job_type.run_scheduled_jo..., site='kalaerp', user='Administrator') (kalaerp::scheduled_job::frappe.monitor.flush)
2025-02-28 11:24:02,684 home-dell-kalaerp:default: Job OK (kalaerp::scheduled_job::frappe.monitor.flush)
2025-02-28 11:24:02,684 Result is kept for 600 seconds
2025-02-28 11:24:02,690 home-dell-kalaerp:default: frappe.utils.background_jobs.execute_job(event=None, is_async=True, job_name='frappe.core.doctype.scheduled_job_type.scheduled_job_type.run_scheduled_jo..., kwargs={'job_type': 'frappe.email.queue.flush'}, method='frappe.core.doctype.scheduled_job_type.scheduled_job_type.run_scheduled_jo..., site='kalaerp', user='Administrator') (kalaerp::scheduled_job::frappe.email.queue.flush)
2025-02-28 11:24:03,018 home-dell-kalaerp:default: Job OK (kalaerp::scheduled_job::frappe.email.queue.flush)
2025-02-28 11:24:03,018 Result is kept for 600 seconds
2025-02-28 11:28:04,062 home-dell-kalaerp:default: frappe.utils.background_jobs.execute_job(event=None, is_async=True, job_name='frappe.core.doctype.scheduled_job_type.scheduled_job_type.run_scheduled_jo..., kwargs={'job_type': 'frappe.email.queue.flush'}, method='frappe.core.doctype.scheduled_job_type.scheduled_job_type.run_scheduled_jo..., site='kalaerp', user='Administrator') (kalaerp::scheduled_job::frappe.email.queue.flush)
2025-02-28 11:28:04,428 home-dell-kalaerp:default: Job OK (kalaerp::scheduled_job::frappe.email.queue.flush)
2025-02-28 11:28:04,429 Result is kept for 600 seconds
2025-02-28 11:28:04,435 Cleaning registries for queue: home-dell-kalaerp:short
2025-02-28 11:28:04,436 Cleaning registries for queue: home-dell-kalaerp:default
2025-02-28 11:28:04,437 Cleaning registries for queue: home-dell-kalaerp:long
2025-02-28 11:28:04,439 home-dell-kalaerp:default: frappe.utils.background_jobs.execute_job(event=None, is_async=True, job_name='frappe.core.doctype.scheduled_job_type.scheduled_job_type.run_scheduled_jo..., kwargs={'job_type': 'frappe.monitor.flush'}, method='frappe.core.doctype.scheduled_job_type.scheduled_job_type.run_scheduled_jo..., site='kalaerp', user='Administrator') (kalaerp::scheduled_job::frappe.monitor.flush)
2025-02-28 11:28:04,761 home-dell-kalaerp:default: Job OK (kalaerp::scheduled_job::frappe.monitor.flush)
2025-02-28 11:28:04,761 Result is kept for 600 seconds
2025-02-28 11:30:04,983 home-dell-kalaerp:default: frappe.utils.background_jobs.execute_job(event=None, is_async=True, job_name='frappe.core.doctype.scheduled_job_type.scheduled_job_type.run_scheduled_jo..., kwargs={'job_type': 'frappe.website.doctype.web_page.web_page.check_publish_status..., method='frappe.core.doctype.scheduled_job_type.scheduled_job_type.run_scheduled_jo..., site='kalaerp', user='Administrator') (kalaerp::scheduled_job::frappe.website.doctype.web_page.web_page.check_publish_status)
2025-02-28 11:30:05,359 home-dell-kalaerp:default: Job OK (kalaerp::scheduled_job::frappe.website.doctype.web_page.web_page.check_publish_status)
2025-02-28 11:30:05,359 Result is kept for 600 seconds
2025-02-28 11:30:05,366 home-dell-kalaerp:default: frappe.utils.background_jobs.execute_job(event=None, is_async=True, job_name='frappe.core.doctype.scheduled_job_type.scheduled_job_type.run_scheduled_jo..., kwargs={'job_type': 'frappe.email.doctype.email_account.email_account.pull'}, method='frappe.core.doctype.scheduled_job_type.scheduled_job_type.run_scheduled_jo..., site='kalaerp', user='Administrator') (kalaerp::scheduled_job::frappe.email.doctype.email_account.email_account.pull)
2025-02-28 11:30:05,640 home-dell-kalaerp:default: Job OK (kalaerp::scheduled_job::frappe.email.doctype.email_account.email_account.pull)
2025-02-28 11:30:05,640 Result is kept for 600 seconds
2025-02-28 11:30:05,646 home-dell-kalaerp:default: frappe.utils.background_jobs.execute_job(event=None, is_async=True, job_name='frappe.core.doctype.scheduled_job_type.scheduled_job_type.run_scheduled_jo..., kwargs={'job_type': 'frappe.automation.doctype.reminder.reminder.send_reminders'}, method='frappe.core.doctype.scheduled_job_type.scheduled_job_type.run_scheduled_jo..., site='kalaerp', user='Administrator') (kalaerp::scheduled_job::frappe.automation.doctype.reminder.reminder.send_reminders)
2025-02-28 11:30:05,924 home-dell-kalaerp:default: Job OK (kalaerp::scheduled_job::frappe.automation.doctype.reminder.reminder.send_reminders)
2025-02-28 11:30:05,924 Result is kept for 600 seconds
2025-02-28 11:30:05,930 home-dell-kalaerp:default: frappe.utils.background_jobs.execute_job(event=None, is_async=True, job_name='frappe.core.doctype.scheduled_job_type.scheduled_job_type.run_scheduled_jo..., kwargs={'job_type': 'frappe.deferred_insert.save_to_db'}, method='frappe.core.doctype.scheduled_job_type.scheduled_job_type.run_scheduled_jo..., site='kalaerp', user='Administrator') (kalaerp::scheduled_job::frappe.deferred_insert.save_to_db)
2025-02-28 11:30:06,218 home-dell-kalaerp:default: Job OK (kalaerp::scheduled_job::frappe.deferred_insert.save_to_db)
2025-02-28 11:30:06,218 Result is kept for 600 seconds
2025-02-28 11:30:06,224 home-dell-kalaerp:default: frappe.utils.background_jobs.execute_job(event=None, is_async=True, job_name='frappe.core.doctype.scheduled_job_type.scheduled_job_type.run_scheduled_jo..., kwargs={'job_type': 'frappe.oauth.delete_oauth2_data'}, method='frappe.core.doctype.scheduled_job_type.scheduled_job_type.run_scheduled_jo..., site='kalaerp', user='Administrator') (kalaerp::scheduled_job::frappe.oauth.delete_oauth2_data)
2025-02-28 11:30:06,483 home-dell-kalaerp:default: Job OK (kalaerp::scheduled_job::frappe.oauth.delete_oauth2_data)
2025-02-28 11:30:06,484 Result is kept for 600 seconds
2025-02-28 11:30:06,489 home-dell-kalaerp:default: frappe.utils.background_jobs.execute_job(event=None, is_async=True, job_name='frappe.core.doctype.scheduled_job_type.scheduled_job_type.run_scheduled_jo..., kwargs={'job_type': 'erpnext.manufacturing.doctype.bom_update_log.bom_update_log.r..., method='frappe.core.doctype.scheduled_job_type.scheduled_job_type.run_scheduled_jo..., site='kalaerp', user='Administrator') (kalaerp::scheduled_job::erpnext.manufacturing.doctype.bom_update_log.bom_update_log.resume_bom_cost_update_jobs)
2025-02-28 11:30:06,739 home-dell-kalaerp:default: Job OK (kalaerp::scheduled_job::erpnext.manufacturing.doctype.bom_update_log.bom_update_log.resume_bom_cost_update_jobs)
2025-02-28 11:30:06,739 Result is kept for 600 seconds
2025-02-28 11:30:06,746 home-dell-kalaerp:default: frappe.utils.background_jobs.execute_job(event=None, is_async=True, job_name='frappe.core.doctype.scheduled_job_type.scheduled_job_type.run_scheduled_jo..., kwargs={'job_type': 'frappe.utils.global_search.sync_global_search'}, method='frappe.core.doctype.scheduled_job_type.scheduled_job_type.run_scheduled_jo..., site='kalaerp', user='Administrator') (kalaerp::scheduled_job::frappe.utils.global_search.sync_global_search)
2025-02-28 11:30:07,014 home-dell-kalaerp:default: Job OK (kalaerp::scheduled_job::frappe.utils.global_search.sync_global_search)
2025-02-28 11:30:07,014 Result is kept for 600 seconds
2025-02-28 11:30:07,020 home-dell-kalaerp:default: frappe.utils.background_jobs.execute_job(event=None, is_async=True, job_name='frappe.core.doctype.scheduled_job_type.scheduled_job_type.run_scheduled_jo..., kwargs={'job_type': 'erpnext.utilities.doctype.video.video.update_youtube_data'}, method='frappe.core.doctype.scheduled_job_type.scheduled_job_type.run_scheduled_jo..., site='kalaerp', user='Administrator') (kalaerp::scheduled_job::erpnext.utilities.doctype.video.video.update_youtube_data)
2025-02-28 11:30:07,365 home-dell-kalaerp:default: Job OK (kalaerp::scheduled_job::erpnext.utilities.doctype.video.video.update_youtube_data)
2025-02-28 11:30:07,365 Result is kept for 600 seconds
2025-02-28 11:30:07,371 home-dell-kalaerp:default: frappe.utils.background_jobs.execute_job(event=None, is_async=True, job_name='frappe.core.doctype.scheduled_job_type.scheduled_job_type.run_scheduled_jo..., kwargs={'job_type': 'frappe.email.doctype.email_account.email_account.notify_unrep..., method='frappe.core.doctype.scheduled_job_type.scheduled_job_type.run_scheduled_jo..., site='kalaerp', user='Administrator') (kalaerp::scheduled_job::frappe.email.doctype.email_account.email_account.notify_unreplied)
2025-02-28 11:30:07,629 home-dell-kalaerp:default: Job OK (kalaerp::scheduled_job::frappe.email.doctype.email_account.email_account.notify_unreplied)
2025-02-28 11:30:07,629 Result is kept for 600 seconds
2025-02-28 11:30:07,635 home-dell-kalaerp:default: frappe.utils.background_jobs.execute_job(event=None, is_async=True, job_name='frappe.core.doctype.scheduled_job_type.scheduled_job_type.run_scheduled_jo..., kwargs={'job_type': 'frappe.core.doctype.prepared_report.prepared_report.expire_st..., method='frappe.core.doctype.scheduled_job_type.scheduled_job_type.run_scheduled_jo..., site='kalaerp', user='Administrator') (kalaerp::scheduled_job::frappe.core.doctype.prepared_report.prepared_report.expire_stalled_report)
2025-02-28 11:30:07,883 home-dell-kalaerp:default: Job OK (kalaerp::scheduled_job::frappe.core.doctype.prepared_report.prepared_report.expire_stalled_report)
2025-02-28 11:30:07,883 Result is kept for 600 seconds
2025-02-28 11:30:07,889 home-dell-kalaerp:default: frappe.utils.background_jobs.execute_job(event=None, is_async=True, job_name='frappe.core.doctype.scheduled_job_type.scheduled_job_type.run_scheduled_jo..., kwargs={'job_type': 'frappe.twofactor.delete_all_barcodes_for_users'}, method='frappe.core.doctype.scheduled_job_type.scheduled_job_type.run_scheduled_jo..., site='kalaerp', user='Administrator') (kalaerp::scheduled_job::frappe.twofactor.delete_all_barcodes_for_users)
2025-02-28 11:30:08,144 home-dell-kalaerp:default: Job OK (kalaerp::scheduled_job::frappe.twofactor.delete_all_barcodes_for_users)
2025-02-28 11:30:08,144 Result is kept for 600 seconds
2025-02-28 11:30:08,150 home-dell-kalaerp:default: frappe.utils.background_jobs.execute_job(event=None, is_async=True, job_name='frappe.core.doctype.scheduled_job_type.scheduled_job_type.run_scheduled_jo..., kwargs={'job_type': 'erpnext.accounts.doctype.gl_entry.gl_entry.rename_gle_sle_doc..., method='frappe.core.doctype.scheduled_job_type.scheduled_job_type.run_scheduled_jo..., site='kalaerp', user='Administrator') (kalaerp::scheduled_job::erpnext.accounts.doctype.gl_entry.gl_entry.rename_gle_sle_docs)
2025-02-28 11:30:08,437 home-dell-kalaerp:default: Job OK (kalaerp::scheduled_job::erpnext.accounts.doctype.gl_entry.gl_entry.rename_gle_sle_docs)
2025-02-28 11:30:08,437 Result is kept for 600 seconds
2025-02-28 11:32:05,741 home-dell-kalaerp:default: frappe.utils.background_jobs.execute_job(event=None, is_async=True, job_name='frappe.core.doctype.scheduled_job_type.scheduled_job_type.run_scheduled_jo..., kwargs={'job_type': 'frappe.email.queue.flush'}, method='frappe.core.doctype.scheduled_job_type.scheduled_job_type.run_scheduled_jo..., site='kalaerp', user='Administrator') (kalaerp::scheduled_job::frappe.email.queue.flush)
2025-02-28 11:32:06,096 home-dell-kalaerp:default: Job OK (kalaerp::scheduled_job::frappe.email.queue.flush)
2025-02-28 11:32:06,097 Result is kept for 600 seconds
2025-02-28 11:32:06,104 home-dell-kalaerp:default: frappe.utils.background_jobs.execute_job(event=None, is_async=True, job_name='frappe.core.doctype.scheduled_job_type.scheduled_job_type.run_scheduled_jo..., kwargs={'job_type': 'frappe.monitor.flush'}, method='frappe.core.doctype.scheduled_job_type.scheduled_job_type.run_scheduled_jo..., site='kalaerp', user='Administrator') (kalaerp::scheduled_job::frappe.monitor.flush)
2025-02-28 11:32:06,332 home-dell-kalaerp:default: Job OK (kalaerp::scheduled_job::frappe.monitor.flush)
2025-02-28 11:32:06,332 Result is kept for 600 seconds
2025-02-28 11:36:07,635 home-dell-kalaerp:default: frappe.utils.background_jobs.execute_job(event=None, is_async=True, job_name='frappe.core.doctype.scheduled_job_type.scheduled_job_type.run_scheduled_jo..., kwargs={'job_type': 'frappe.monitor.flush'}, method='frappe.core.doctype.scheduled_job_type.scheduled_job_type.run_scheduled_jo..., site='kalaerp', user='Administrator') (kalaerp::scheduled_job::frappe.monitor.flush)
2025-02-28 11:36:07,864 home-dell-kalaerp:default: Job OK (kalaerp::scheduled_job::frappe.monitor.flush)
2025-02-28 11:36:07,864 Result is kept for 600 seconds
2025-02-28 11:36:07,870 home-dell-kalaerp:default: frappe.utils.background_jobs.execute_job(event=None, is_async=True, job_name='frappe.core.doctype.scheduled_job_type.scheduled_job_type.run_scheduled_jo..., kwargs={'job_type': 'frappe.email.queue.flush'}, method='frappe.core.doctype.scheduled_job_type.scheduled_job_type.run_scheduled_jo..., site='kalaerp', user='Administrator') (kalaerp::scheduled_job::frappe.email.queue.flush)
2025-02-28 11:36:08,257 home-dell-kalaerp:default: Job OK (kalaerp::scheduled_job::frappe.email.queue.flush)
2025-02-28 11:36:08,257 Result is kept for 600 seconds
2025-02-28 11:40:09,006 home-dell-kalaerp:default: frappe.utils.background_jobs.execute_job(event=None, is_async=True, job_name='frappe.core.doctype.scheduled_job_type.scheduled_job_type.run_scheduled_jo..., kwargs={'job_type': 'frappe.email.doctype.email_account.email_account.pull'}, method='frappe.core.doctype.scheduled_job_type.scheduled_job_type.run_scheduled_jo..., site='kalaerp', user='Administrator') (kalaerp::scheduled_job::frappe.email.doctype.email_account.email_account.pull)
2025-02-28 11:40:09,322 home-dell-kalaerp:default: Job OK (kalaerp::scheduled_job::frappe.email.doctype.email_account.email_account.pull)
2025-02-28 11:40:09,323 Result is kept for 600 seconds
2025-02-28 11:40:09,330 home-dell-kalaerp:default: frappe.utils.background_jobs.execute_job(event=None, is_async=True, job_name='frappe.core.doctype.scheduled_job_type.scheduled_job_type.run_scheduled_jo..., kwargs={'job_type': 'frappe.email.queue.flush'}, method='frappe.core.doctype.scheduled_job_type.scheduled_job_type.run_scheduled_jo..., site='kalaerp', user='Administrator') (kalaerp::scheduled_job::frappe.email.queue.flush)
2025-02-28 11:40:09,697 home-dell-kalaerp:default: Job OK (kalaerp::scheduled_job::frappe.email.queue.flush)
2025-02-28 11:40:09,697 Result is kept for 600 seconds
2025-02-28 11:40:09,705 home-dell-kalaerp:default: frappe.utils.background_jobs.execute_job(event=None, is_async=True, job_name='frappe.core.doctype.scheduled_job_type.scheduled_job_type.run_scheduled_jo..., kwargs={'job_type': 'frappe.monitor.flush'}, method='frappe.core.doctype.scheduled_job_type.scheduled_job_type.run_scheduled_jo..., site='kalaerp', user='Administrator') (kalaerp::scheduled_job::frappe.monitor.flush)
2025-02-28 11:40:09,937 home-dell-kalaerp:default: Job OK (kalaerp::scheduled_job::frappe.monitor.flush)
2025-02-28 11:40:09,937 Result is kept for 600 seconds
2025-02-28 11:44:10,767 home-dell-kalaerp:default: frappe.utils.background_jobs.execute_job(event=None, is_async=True, job_name='frappe.core.doctype.scheduled_job_type.scheduled_job_type.run_scheduled_jo..., kwargs={'job_type': 'frappe.monitor.flush'}, method='frappe.core.doctype.scheduled_job_type.scheduled_job_type.run_scheduled_jo..., site='kalaerp', user='Administrator') (kalaerp::scheduled_job::frappe.monitor.flush)
2025-02-28 11:44:11,013 home-dell-kalaerp:default: Job OK (kalaerp::scheduled_job::frappe.monitor.flush)
2025-02-28 11:44:11,014 Result is kept for 600 seconds
2025-02-28 11:44:11,021 home-dell-kalaerp:default: frappe.utils.background_jobs.execute_job(event=None, is_async=True, job_name='frappe.core.doctype.scheduled_job_type.scheduled_job_type.run_scheduled_jo..., kwargs={'job_type': 'frappe.email.queue.flush'}, method='frappe.core.doctype.scheduled_job_type.scheduled_job_type.run_scheduled_jo..., site='kalaerp', user='Administrator') (kalaerp::scheduled_job::frappe.email.queue.flush)
2025-02-28 11:44:11,403 home-dell-kalaerp:default: Job OK (kalaerp::scheduled_job::frappe.email.queue.flush)
2025-02-28 11:44:11,403 Result is kept for 600 seconds
2025-02-28 11:45:10,964 home-dell-kalaerp:default: frappe.utils.background_jobs.execute_job(event=None, is_async=True, job_name='frappe.core.doctype.scheduled_job_type.scheduled_job_type.run_scheduled_jo..., kwargs={'job_type': 'frappe.oauth.delete_oauth2_data'}, method='frappe.core.doctype.scheduled_job_type.scheduled_job_type.run_scheduled_jo..., site='kalaerp', user='Administrator') (kalaerp::scheduled_job::frappe.oauth.delete_oauth2_data)
2025-02-28 11:45:11,291 home-dell-kalaerp:default: Job OK (kalaerp::scheduled_job::frappe.oauth.delete_oauth2_data)
2025-02-28 11:45:11,292 Result is kept for 600 seconds
2025-02-28 11:45:11,298 home-dell-kalaerp:default: frappe.utils.background_jobs.execute_job(event=None, is_async=True, job_name='frappe.core.doctype.scheduled_job_type.scheduled_job_type.run_scheduled_jo..., kwargs={'job_type': 'frappe.email.doctype.email_account.email_account.notify_unrep..., method='frappe.core.doctype.scheduled_job_type.scheduled_job_type.run_scheduled_jo..., site='kalaerp', user='Administrator') (kalaerp::scheduled_job::frappe.email.doctype.email_account.email_account.notify_unreplied)
2025-02-28 11:45:11,579 home-dell-kalaerp:default: Job OK (kalaerp::scheduled_job::frappe.email.doctype.email_account.email_account.notify_unreplied)
2025-02-28 11:45:11,579 Result is kept for 600 seconds
2025-02-28 11:45:11,590 home-dell-kalaerp:default: frappe.utils.background_jobs.execute_job(event=None, is_async=True, job_name='frappe.core.doctype.scheduled_job_type.scheduled_job_type.run_scheduled_jo..., kwargs={'job_type': 'frappe.website.doctype.web_page.web_page.check_publish_status..., method='frappe.core.doctype.scheduled_job_type.scheduled_job_type.run_scheduled_jo..., site='kalaerp', user='Administrator') (kalaerp::scheduled_job::frappe.website.doctype.web_page.web_page.check_publish_status)
2025-02-28 11:45:11,921 home-dell-kalaerp:default: Job OK (kalaerp::scheduled_job::frappe.website.doctype.web_page.web_page.check_publish_status)
2025-02-28 11:45:11,921 Result is kept for 600 seconds
2025-02-28 11:45:11,927 home-dell-kalaerp:default: frappe.utils.background_jobs.execute_job(event=None, is_async=True, job_name='frappe.core.doctype.scheduled_job_type.scheduled_job_type.run_scheduled_jo..., kwargs={'job_type': 'frappe.twofactor.delete_all_barcodes_for_users'}, method='frappe.core.doctype.scheduled_job_type.scheduled_job_type.run_scheduled_jo..., site='kalaerp', user='Administrator') (kalaerp::scheduled_job::frappe.twofactor.delete_all_barcodes_for_users)
2025-02-28 11:45:12,241 home-dell-kalaerp:default: Job OK (kalaerp::scheduled_job::frappe.twofactor.delete_all_barcodes_for_users)
2025-02-28 11:45:12,242 Result is kept for 600 seconds
2025-02-28 11:45:12,248 home-dell-kalaerp:default: frappe.utils.background_jobs.execute_job(event=None, is_async=True, job_name='frappe.core.doctype.scheduled_job_type.scheduled_job_type.run_scheduled_jo..., kwargs={'job_type': 'frappe.deferred_insert.save_to_db'}, method='frappe.core.doctype.scheduled_job_type.scheduled_job_type.run_scheduled_jo..., site='kalaerp', user='Administrator') (kalaerp::scheduled_job::frappe.deferred_insert.save_to_db)
2025-02-28 11:45:12,495 home-dell-kalaerp:default: Job OK (kalaerp::scheduled_job::frappe.deferred_insert.save_to_db)
2025-02-28 11:45:12,495 Result is kept for 600 seconds
2025-02-28 11:45:12,501 home-dell-kalaerp:default: frappe.utils.background_jobs.execute_job(event=None, is_async=True, job_name='frappe.core.doctype.scheduled_job_type.scheduled_job_type.run_scheduled_jo..., kwargs={'job_type': 'frappe.utils.global_search.sync_global_search'}, method='frappe.core.doctype.scheduled_job_type.scheduled_job_type.run_scheduled_jo..., site='kalaerp', user='Administrator') (kalaerp::scheduled_job::frappe.utils.global_search.sync_global_search)
2025-02-28 11:45:12,749 home-dell-kalaerp:default: Job OK (kalaerp::scheduled_job::frappe.utils.global_search.sync_global_search)
2025-02-28 11:45:12,749 Result is kept for 600 seconds
2025-02-28 11:45:12,755 home-dell-kalaerp:default: frappe.utils.background_jobs.execute_job(event=None, is_async=True, job_name='frappe.core.doctype.scheduled_job_type.scheduled_job_type.run_scheduled_jo..., kwargs={'job_type': 'erpnext.manufacturing.doctype.bom_update_log.bom_update_log.r..., method='frappe.core.doctype.scheduled_job_type.scheduled_job_type.run_scheduled_jo..., site='kalaerp', user='Administrator') (kalaerp::scheduled_job::erpnext.manufacturing.doctype.bom_update_log.bom_update_log.resume_bom_cost_update_jobs)
2025-02-28 11:45:13,046 home-dell-kalaerp:default: Job OK (kalaerp::scheduled_job::erpnext.manufacturing.doctype.bom_update_log.bom_update_log.resume_bom_cost_update_jobs)
2025-02-28 11:45:13,046 Result is kept for 600 seconds
2025-02-28 11:45:13,052 home-dell-kalaerp:default: frappe.utils.background_jobs.execute_job(event=None, is_async=True, job_name='frappe.core.doctype.scheduled_job_type.scheduled_job_type.run_scheduled_jo..., kwargs={'job_type': 'frappe.automation.doctype.reminder.reminder.send_reminders'}, method='frappe.core.doctype.scheduled_job_type.scheduled_job_type.run_scheduled_jo..., site='kalaerp', user='Administrator') (kalaerp::scheduled_job::frappe.automation.doctype.reminder.reminder.send_reminders)
2025-02-28 11:45:13,306 home-dell-kalaerp:default: Job OK (kalaerp::scheduled_job::frappe.automation.doctype.reminder.reminder.send_reminders)
2025-02-28 11:45:13,306 Result is kept for 600 seconds
2025-02-28 11:48:12,358 home-dell-kalaerp:default: frappe.utils.background_jobs.execute_job(event=None, is_async=True, job_name='frappe.core.doctype.scheduled_job_type.scheduled_job_type.run_scheduled_jo..., kwargs={'job_type': 'frappe.email.queue.flush'}, method='frappe.core.doctype.scheduled_job_type.scheduled_job_type.run_scheduled_jo..., site='kalaerp', user='Administrator') (kalaerp::scheduled_job::frappe.email.queue.flush)
2025-02-28 11:48:12,724 home-dell-kalaerp:default: Job OK (kalaerp::scheduled_job::frappe.email.queue.flush)
2025-02-28 11:48:12,724 Result is kept for 600 seconds
2025-02-28 11:48:12,732 home-dell-kalaerp:default: frappe.utils.background_jobs.execute_job(event=None, is_async=True, job_name='frappe.core.doctype.scheduled_job_type.scheduled_job_type.run_scheduled_jo..., kwargs={'job_type': 'frappe.monitor.flush'}, method='frappe.core.doctype.scheduled_job_type.scheduled_job_type.run_scheduled_jo..., site='kalaerp', user='Administrator') (kalaerp::scheduled_job::frappe.monitor.flush)
2025-02-28 11:48:12,956 home-dell-kalaerp:default: Job OK (kalaerp::scheduled_job::frappe.monitor.flush)
2025-02-28 11:48:12,956 Result is kept for 600 seconds
2025-02-28 11:50:13,480 home-dell-kalaerp:default: frappe.utils.background_jobs.execute_job(event=None, is_async=True, job_name='frappe.core.doctype.scheduled_job_type.scheduled_job_type.run_scheduled_jo..., kwargs={'job_type': 'frappe.email.doctype.email_account.email_account.pull'}, method='frappe.core.doctype.scheduled_job_type.scheduled_job_type.run_scheduled_jo..., site='kalaerp', user='Administrator') (kalaerp::scheduled_job::frappe.email.doctype.email_account.email_account.pull)
2025-02-28 11:50:13,773 home-dell-kalaerp:default: Job OK (kalaerp::scheduled_job::frappe.email.doctype.email_account.email_account.pull)
2025-02-28 11:50:13,773 Result is kept for 600 seconds
2025-02-28 11:50:13,779 Cleaning registries for queue: home-dell-kalaerp:short
2025-02-28 11:50:13,780 Cleaning registries for queue: home-dell-kalaerp:default
2025-02-28 11:50:13,781 Cleaning registries for queue: home-dell-kalaerp:long
2025-02-28 11:52:14,040 home-dell-kalaerp:default: frappe.utils.background_jobs.execute_job(event=None, is_async=True, job_name='frappe.core.doctype.scheduled_job_type.scheduled_job_type.run_scheduled_jo..., kwargs={'job_type': 'frappe.email.queue.flush'}, method='frappe.core.doctype.scheduled_job_type.scheduled_job_type.run_scheduled_jo..., site='kalaerp', user='Administrator') (kalaerp::scheduled_job::frappe.email.queue.flush)
2025-02-28 11:52:14,460 home-dell-kalaerp:default: Job OK (kalaerp::scheduled_job::frappe.email.queue.flush)
2025-02-28 11:52:14,460 Result is kept for 600 seconds
2025-02-28 11:52:14,467 home-dell-kalaerp:default: frappe.utils.background_jobs.execute_job(event=None, is_async=True, job_name='frappe.core.doctype.scheduled_job_type.scheduled_job_type.run_scheduled_jo..., kwargs={'job_type': 'frappe.monitor.flush'}, method='frappe.core.doctype.scheduled_job_type.scheduled_job_type.run_scheduled_jo..., site='kalaerp', user='Administrator') (kalaerp::scheduled_job::frappe.monitor.flush)
2025-02-28 11:52:14,697 home-dell-kalaerp:default: Job OK (kalaerp::scheduled_job::frappe.monitor.flush)
2025-02-28 11:52:14,697 Result is kept for 600 seconds
2025-02-28 11:56:16,006 home-dell-kalaerp:default: frappe.utils.background_jobs.execute_job(event=None, is_async=True, job_name='frappe.core.doctype.scheduled_job_type.scheduled_job_type.run_scheduled_jo..., kwargs={'job_type': 'frappe.email.queue.flush'}, method='frappe.core.doctype.scheduled_job_type.scheduled_job_type.run_scheduled_jo..., site='kalaerp', user='Administrator') (kalaerp::scheduled_job::frappe.email.queue.flush)
2025-02-28 11:56:16,344 home-dell-kalaerp:default: Job OK (kalaerp::scheduled_job::frappe.email.queue.flush)
2025-02-28 11:56:16,344 Result is kept for 600 seconds
2025-02-28 11:56:16,352 home-dell-kalaerp:default: frappe.utils.background_jobs.execute_job(event=None, is_async=True, job_name='frappe.core.doctype.scheduled_job_type.scheduled_job_type.run_scheduled_jo..., kwargs={'job_type': 'frappe.monitor.flush'}, method='frappe.core.doctype.scheduled_job_type.scheduled_job_type.run_scheduled_jo..., site='kalaerp', user='Administrator') (kalaerp::scheduled_job::frappe.monitor.flush)
2025-02-28 11:56:16,572 home-dell-kalaerp:default: Job OK (kalaerp::scheduled_job::frappe.monitor.flush)
2025-02-28 11:56:16,572 Result is kept for 600 seconds
2025-02-28 12:00:17,468 home-dell-kalaerp:default: frappe.utils.background_jobs.execute_job(event=None, is_async=True, job_name='frappe.core.doctype.scheduled_job_type.scheduled_job_type.run_scheduled_jo..., kwargs={'job_type': 'erpnext.erpnext_integrations.doctype.plaid_settings.plaid_set..., method='frappe.core.doctype.scheduled_job_type.scheduled_job_type.run_scheduled_jo..., site='kalaerp', user='Administrator') (kalaerp::scheduled_job::erpnext.erpnext_integrations.doctype.plaid_settings.plaid_settings.automatic_synchronization)
2025-02-28 12:00:17,757 home-dell-kalaerp:default: Job OK (kalaerp::scheduled_job::erpnext.erpnext_integrations.doctype.plaid_settings.plaid_settings.automatic_synchronization)
2025-02-28 12:00:17,757 Result is kept for 600 seconds
2025-02-28 12:00:17,764 home-dell-kalaerp:default: frappe.utils.background_jobs.execute_job(event=None, is_async=True, job_name='frappe.core.doctype.scheduled_job_type.scheduled_job_type.run_scheduled_jo..., kwargs={'job_type': 'frappe.website.doctype.web_page.web_page.check_publish_status..., method='frappe.core.doctype.scheduled_job_type.scheduled_job_type.run_scheduled_jo..., site='kalaerp', user='Administrator') (kalaerp::scheduled_job::frappe.website.doctype.web_page.web_page.check_publish_status)
2025-02-28 12:00:18,079 home-dell-kalaerp:default: Job OK (kalaerp::scheduled_job::frappe.website.doctype.web_page.web_page.check_publish_status)
2025-02-28 12:00:18,080 Result is kept for 600 seconds
2025-02-28 12:00:18,087 home-dell-kalaerp:default: frappe.utils.background_jobs.execute_job(event=None, is_async=True, job_name='frappe.core.doctype.scheduled_job_type.scheduled_job_type.run_scheduled_jo..., kwargs={'job_type': 'frappe.email.doctype.newsletter.newsletter.send_scheduled_ema..., method='frappe.core.doctype.scheduled_job_type.scheduled_job_type.run_scheduled_jo..., site='kalaerp', user='Administrator') (kalaerp::scheduled_job::frappe.email.doctype.newsletter.newsletter.send_scheduled_email)
2025-02-28 12:00:18,379 home-dell-kalaerp:default: Job OK (kalaerp::scheduled_job::frappe.email.doctype.newsletter.newsletter.send_scheduled_email)
2025-02-28 12:00:18,379 Result is kept for 600 seconds
2025-02-28 12:00:18,387 home-dell-kalaerp:default: frappe.utils.background_jobs.execute_job(event=None, is_async=True, job_name='frappe.core.doctype.scheduled_job_type.scheduled_job_type.run_scheduled_jo..., kwargs={'job_type': 'frappe.email.queue.flush'}, method='frappe.core.doctype.scheduled_job_type.scheduled_job_type.run_scheduled_jo..., site='kalaerp', user='Administrator') (kalaerp::scheduled_job::frappe.email.queue.flush)
2025-02-28 12:00:18,703 home-dell-kalaerp:default: Job OK (kalaerp::scheduled_job::frappe.email.queue.flush)
2025-02-28 12:00:18,703 Result is kept for 600 seconds
2025-02-28 12:00:18,710 home-dell-kalaerp:default: frappe.utils.background_jobs.execute_job(event=None, is_async=True, job_name='frappe.core.doctype.scheduled_job_type.scheduled_job_type.run_scheduled_jo..., kwargs={'job_type': 'frappe.model.utils.link_count.update_link_count'}, method='frappe.core.doctype.scheduled_job_type.scheduled_job_type.run_scheduled_jo..., site='kalaerp', user='Administrator') (kalaerp::scheduled_job::frappe.model.utils.link_count.update_link_count)
2025-02-28 12:00:18,955 home-dell-kalaerp:default: Job OK (kalaerp::scheduled_job::frappe.model.utils.link_count.update_link_count)
2025-02-28 12:00:18,956 Result is kept for 600 seconds
2025-02-28 12:00:18,962 home-dell-kalaerp:default: frappe.utils.background_jobs.execute_job(event=None, is_async=True, job_name='frappe.core.doctype.scheduled_job_type.scheduled_job_type.run_scheduled_jo..., kwargs={'job_type': 'frappe.automation.doctype.reminder.reminder.send_reminders'}, method='frappe.core.doctype.scheduled_job_type.scheduled_job_type.run_scheduled_jo..., site='kalaerp', user='Administrator') (kalaerp::scheduled_job::frappe.automation.doctype.reminder.reminder.send_reminders)
2025-02-28 12:00:19,210 home-dell-kalaerp:default: Job OK (kalaerp::scheduled_job::frappe.automation.doctype.reminder.reminder.send_reminders)
2025-02-28 12:00:19,210 Result is kept for 600 seconds
2025-02-28 12:00:19,218 home-dell-kalaerp:default: frappe.utils.background_jobs.execute_job(event=None, is_async=True, job_name='frappe.core.doctype.scheduled_job_type.scheduled_job_type.run_scheduled_jo..., kwargs={'job_type': 'erpnext.projects.doctype.project.project.hourly_reminder'}, method='frappe.core.doctype.scheduled_job_type.scheduled_job_type.run_scheduled_jo..., site='kalaerp', user='Administrator') (kalaerp::scheduled_job::erpnext.projects.doctype.project.project.hourly_reminder)
2025-02-28 12:00:19,492 home-dell-kalaerp:default: Job OK (kalaerp::scheduled_job::erpnext.projects.doctype.project.project.hourly_reminder)
2025-02-28 12:00:19,492 Result is kept for 600 seconds
2025-02-28 12:00:19,499 home-dell-kalaerp:default: frappe.utils.background_jobs.execute_job(event=None, is_async=True, job_name='frappe.core.doctype.scheduled_job_type.scheduled_job_type.run_scheduled_jo..., kwargs={'job_type': 'frappe.monitor.flush'}, method='frappe.core.doctype.scheduled_job_type.scheduled_job_type.run_scheduled_jo..., site='kalaerp', user='Administrator') (kalaerp::scheduled_job::frappe.monitor.flush)
2025-02-28 12:00:19,721 home-dell-kalaerp:default: Job OK (kalaerp::scheduled_job::frappe.monitor.flush)
2025-02-28 12:00:19,722 Result is kept for 600 seconds
2025-02-28 12:00:19,727 home-dell-kalaerp:default: frappe.utils.background_jobs.execute_job(event=None, is_async=True, job_name='frappe.core.doctype.scheduled_job_type.scheduled_job_type.run_scheduled_jo..., kwargs={'job_type': 'erpnext.projects.doctype.project.project.project_status_updat..., method='frappe.core.doctype.scheduled_job_type.scheduled_job_type.run_scheduled_jo..., site='kalaerp', user='Administrator') (kalaerp::scheduled_job::erpnext.projects.doctype.project.project.project_status_update_reminder)
2025-02-28 12:00:19,989 home-dell-kalaerp:default: Job OK (kalaerp::scheduled_job::erpnext.projects.doctype.project.project.project_status_update_reminder)
2025-02-28 12:00:19,989 Result is kept for 600 seconds
2025-02-28 12:00:19,995 home-dell-kalaerp:default: frappe.utils.background_jobs.execute_job(event=None, is_async=True, job_name='frappe.core.doctype.scheduled_job_type.scheduled_job_type.run_scheduled_jo..., kwargs={'job_type': 'frappe.deferred_insert.save_to_db'}, method='frappe.core.doctype.scheduled_job_type.scheduled_job_type.run_scheduled_jo..., site='kalaerp', user='Administrator') (kalaerp::scheduled_job::frappe.deferred_insert.save_to_db)
2025-02-28 12:00:20,242 home-dell-kalaerp:default: Job OK (kalaerp::scheduled_job::frappe.deferred_insert.save_to_db)
2025-02-28 12:00:20,242 Result is kept for 600 seconds
2025-02-28 12:00:20,247 home-dell-kalaerp:default: frappe.utils.background_jobs.execute_job(event=None, is_async=True, job_name='frappe.core.doctype.scheduled_job_type.scheduled_job_type.run_scheduled_jo..., kwargs={'job_type': 'frappe.twofactor.delete_all_barcodes_for_users'}, method='frappe.core.doctype.scheduled_job_type.scheduled_job_type.run_scheduled_jo..., site='kalaerp', user='Administrator') (kalaerp::scheduled_job::frappe.twofactor.delete_all_barcodes_for_users)
2025-02-28 12:00:20,498 home-dell-kalaerp:default: Job OK (kalaerp::scheduled_job::frappe.twofactor.delete_all_barcodes_for_users)
2025-02-28 12:00:20,498 Result is kept for 600 seconds
2025-02-28 12:00:20,504 home-dell-kalaerp:default: frappe.utils.background_jobs.execute_job(event=None, is_async=True, job_name='frappe.core.doctype.scheduled_job_type.scheduled_job_type.run_scheduled_jo..., kwargs={'job_type': 'frappe.desk.form.document_follow.send_hourly_updates'}, method='frappe.core.doctype.scheduled_job_type.scheduled_job_type.run_scheduled_jo..., site='kalaerp', user='Administrator') (kalaerp::scheduled_job::frappe.desk.form.document_follow.send_hourly_updates)
2025-02-28 12:00:20,750 home-dell-kalaerp:default: Job OK (kalaerp::scheduled_job::frappe.desk.form.document_follow.send_hourly_updates)
2025-02-28 12:00:20,750 Result is kept for 600 seconds
2025-02-28 12:00:20,757 home-dell-kalaerp:default: frappe.utils.background_jobs.execute_job(event=None, is_async=True, job_name='frappe.core.doctype.scheduled_job_type.scheduled_job_type.run_scheduled_jo..., kwargs={'job_type': 'erpnext.manufacturing.doctype.bom_update_log.bom_update_log.r..., method='frappe.core.doctype.scheduled_job_type.scheduled_job_type.run_scheduled_jo..., site='kalaerp', user='Administrator') (kalaerp::scheduled_job::erpnext.manufacturing.doctype.bom_update_log.bom_update_log.resume_bom_cost_update_jobs)
2025-02-28 12:00:21,058 home-dell-kalaerp:default: Job OK (kalaerp::scheduled_job::erpnext.manufacturing.doctype.bom_update_log.bom_update_log.resume_bom_cost_update_jobs)
2025-02-28 12:00:21,059 Result is kept for 600 seconds
2025-02-28 12:00:21,066 home-dell-kalaerp:default: frappe.utils.background_jobs.execute_job(event=None, is_async=True, job_name='frappe.core.doctype.scheduled_job_type.scheduled_job_type.run_scheduled_jo..., kwargs={'job_type': 'frappe.desk.page.backups.backups.delete_downloadable_backups'..., method='frappe.core.doctype.scheduled_job_type.scheduled_job_type.run_scheduled_jo..., site='kalaerp', user='Administrator') (kalaerp::scheduled_job::frappe.desk.page.backups.backups.delete_downloadable_backups)
2025-02-28 12:00:21,352 home-dell-kalaerp:default: Job OK (kalaerp::scheduled_job::frappe.desk.page.backups.backups.delete_downloadable_backups)
2025-02-28 12:00:21,352 Result is kept for 600 seconds
2025-02-28 12:00:21,364 home-dell-kalaerp:default: frappe.utils.background_jobs.execute_job(event=None, is_async=True, job_name='frappe.core.doctype.scheduled_job_type.scheduled_job_type.run_scheduled_jo..., kwargs={'job_type': 'frappe.model.utils.user_settings.sync_user_settings'}, method='frappe.core.doctype.scheduled_job_type.scheduled_job_type.run_scheduled_jo..., site='kalaerp', user='Administrator') (kalaerp::scheduled_job::frappe.model.utils.user_settings.sync_user_settings)
2025-02-28 12:00:21,644 home-dell-kalaerp:default: Job OK (kalaerp::scheduled_job::frappe.model.utils.user_settings.sync_user_settings)
2025-02-28 12:00:21,645 Result is kept for 600 seconds
2025-02-28 12:00:21,651 home-dell-kalaerp:default: frappe.utils.background_jobs.execute_job(event=None, is_async=True, job_name='frappe.core.doctype.scheduled_job_type.scheduled_job_type.run_scheduled_jo..., kwargs={'job_type': 'erpnext.utilities.doctype.video.video.update_youtube_data'}, method='frappe.core.doctype.scheduled_job_type.scheduled_job_type.run_scheduled_jo..., site='kalaerp', user='Administrator') (kalaerp::scheduled_job::erpnext.utilities.doctype.video.video.update_youtube_data)
2025-02-28 12:00:21,997 home-dell-kalaerp:default: Job OK (kalaerp::scheduled_job::erpnext.utilities.doctype.video.video.update_youtube_data)
2025-02-28 12:00:21,997 Result is kept for 600 seconds
2025-02-28 12:00:22,003 home-dell-kalaerp:default: frappe.utils.background_jobs.execute_job(event=None, is_async=True, job_name='frappe.core.doctype.scheduled_job_type.scheduled_job_type.run_scheduled_jo..., kwargs={'job_type': 'frappe.email.doctype.email_account.email_account.pull'}, method='frappe.core.doctype.scheduled_job_type.scheduled_job_type.run_scheduled_jo..., site='kalaerp', user='Administrator') (kalaerp::scheduled_job::frappe.email.doctype.email_account.email_account.pull)
2025-02-28 12:00:22,270 home-dell-kalaerp:default: Job OK (kalaerp::scheduled_job::frappe.email.doctype.email_account.email_account.pull)
2025-02-28 12:00:22,270 Result is kept for 600 seconds
2025-02-28 12:00:22,276 home-dell-kalaerp:default: frappe.utils.background_jobs.execute_job(event=None, is_async=True, job_name='frappe.core.doctype.scheduled_job_type.scheduled_job_type.run_scheduled_jo..., kwargs={'job_type': 'frappe.utils.global_search.sync_global_search'}, method='frappe.core.doctype.scheduled_job_type.scheduled_job_type.run_scheduled_jo..., site='kalaerp', user='Administrator') (kalaerp::scheduled_job::frappe.utils.global_search.sync_global_search)
2025-02-28 12:00:22,521 home-dell-kalaerp:default: Job OK (kalaerp::scheduled_job::frappe.utils.global_search.sync_global_search)
2025-02-28 12:00:22,521 Result is kept for 600 seconds
2025-02-28 12:00:22,527 home-dell-kalaerp:default: frappe.utils.background_jobs.execute_job(event=None, is_async=True, job_name='frappe.core.doctype.scheduled_job_type.scheduled_job_type.run_scheduled_jo..., kwargs={'job_type': 'frappe.website.doctype.personal_data_deletion_request.persona..., method='frappe.core.doctype.scheduled_job_type.scheduled_job_type.run_scheduled_jo..., site='kalaerp', user='Administrator') (kalaerp::scheduled_job::frappe.website.doctype.personal_data_deletion_request.personal_data_deletion_request.process_data_deletion_request)
2025-02-28 12:00:22,789 home-dell-kalaerp:default: Job OK (kalaerp::scheduled_job::frappe.website.doctype.personal_data_deletion_request.personal_data_deletion_request.process_data_deletion_request)
2025-02-28 12:00:22,789 Result is kept for 600 seconds
2025-02-28 12:00:22,795 home-dell-kalaerp:default: frappe.utils.background_jobs.execute_job(event=None, is_async=True, job_name='frappe.core.doctype.scheduled_job_type.scheduled_job_type.run_scheduled_jo..., kwargs={'job_type': 'erpnext.projects.doctype.project.project.collect_project_stat..., method='frappe.core.doctype.scheduled_job_type.scheduled_job_type.run_scheduled_jo..., site='kalaerp', user='Administrator') (kalaerp::scheduled_job::erpnext.projects.doctype.project.project.collect_project_status)
2025-02-28 12:00:23,071 home-dell-kalaerp:default: Job OK (kalaerp::scheduled_job::erpnext.projects.doctype.project.project.collect_project_status)
2025-02-28 12:00:23,071 Result is kept for 600 seconds
2025-02-28 12:00:23,077 home-dell-kalaerp:default: frappe.utils.background_jobs.execute_job(event=None, is_async=True, job_name='frappe.core.doctype.scheduled_job_type.scheduled_job_type.run_scheduled_jo..., kwargs={'job_type': 'frappe.oauth.delete_oauth2_data'}, method='frappe.core.doctype.scheduled_job_type.scheduled_job_type.run_scheduled_jo..., site='kalaerp', user='Administrator') (kalaerp::scheduled_job::frappe.oauth.delete_oauth2_data)
2025-02-28 12:00:23,351 home-dell-kalaerp:default: Job OK (kalaerp::scheduled_job::frappe.oauth.delete_oauth2_data)
2025-02-28 12:00:23,351 Result is kept for 600 seconds
2025-02-28 12:00:23,357 home-dell-kalaerp:default: frappe.utils.background_jobs.execute_job(event=None, is_async=True, job_name='frappe.core.doctype.scheduled_job_type.scheduled_job_type.run_scheduled_jo..., kwargs={'job_type': 'frappe.integrations.doctype.google_calendar.google_calendar.s..., method='frappe.core.doctype.scheduled_job_type.scheduled_job_type.run_scheduled_jo..., site='kalaerp', user='Administrator') (kalaerp::scheduled_job::frappe.integrations.doctype.google_calendar.google_calendar.sync)
2025-02-28 12:00:23,783 home-dell-kalaerp:default: Job OK (kalaerp::scheduled_job::frappe.integrations.doctype.google_calendar.google_calendar.sync)
2025-02-28 12:00:23,783 Result is kept for 600 seconds
2025-02-28 12:00:23,789 home-dell-kalaerp:default: frappe.utils.background_jobs.execute_job(event=None, is_async=True, job_name='frappe.core.doctype.scheduled_job_type.scheduled_job_type.run_scheduled_jo..., kwargs={'job_type': 'frappe.email.doctype.email_account.email_account.notify_unrep..., method='frappe.core.doctype.scheduled_job_type.scheduled_job_type.run_scheduled_jo..., site='kalaerp', user='Administrator') (kalaerp::scheduled_job::frappe.email.doctype.email_account.email_account.notify_unreplied)
2025-02-28 12:00:24,045 home-dell-kalaerp:default: Job OK (kalaerp::scheduled_job::frappe.email.doctype.email_account.email_account.notify_unreplied)
2025-02-28 12:00:24,045 Result is kept for 600 seconds
2025-02-28 12:03:18,703 home-dell-kalaerp:long: frappe.utils.background_jobs.execute_job(event=None, is_async=True, job_name='frappe.core.doctype.scheduled_job_type.scheduled_job_type.run_scheduled_jo..., kwargs={'job_type': 'erpnext.stock.doctype.repost_item_valuation.repost_item_valua..., method='frappe.core.doctype.scheduled_job_type.scheduled_job_type.run_scheduled_jo..., site='kalaerp', user='Administrator') (kalaerp::scheduled_job::erpnext.stock.doctype.repost_item_valuation.repost_item_valuation.repost_entries)
2025-02-28 12:03:18,962 home-dell-kalaerp:long: Job OK (kalaerp::scheduled_job::erpnext.stock.doctype.repost_item_valuation.repost_item_valuation.repost_entries)
2025-02-28 12:03:18,962 Result is kept for 600 seconds
2025-02-28 12:04:19,093 home-dell-kalaerp:long: frappe.utils.background_jobs.execute_job(event=None, is_async=True, job_name='frappe.core.doctype.scheduled_job_type.scheduled_job_type.run_scheduled_jo..., kwargs={'job_type': 'erpnext.utilities.bulk_transaction.retry'}, method='frappe.core.doctype.scheduled_job_type.scheduled_job_type.run_scheduled_jo..., site='kalaerp', user='Administrator') (kalaerp::scheduled_job::erpnext.utilities.bulk_transaction.retry)
2025-02-28 12:04:19,361 home-dell-kalaerp:long: Job OK (kalaerp::scheduled_job::erpnext.utilities.bulk_transaction.retry)
2025-02-28 12:04:19,361 Result is kept for 600 seconds
2025-02-28 12:04:19,367 home-dell-kalaerp:default: frappe.utils.background_jobs.execute_job(event=None, is_async=True, job_name='frappe.core.doctype.scheduled_job_type.scheduled_job_type.run_scheduled_jo..., kwargs={'job_type': 'frappe.email.queue.flush'}, method='frappe.core.doctype.scheduled_job_type.scheduled_job_type.run_scheduled_jo..., site='kalaerp', user='Administrator') (kalaerp::scheduled_job::frappe.email.queue.flush)
2025-02-28 12:04:19,688 home-dell-kalaerp:default: Job OK (kalaerp::scheduled_job::frappe.email.queue.flush)
2025-02-28 12:04:19,688 Result is kept for 600 seconds
2025-02-28 12:04:19,695 home-dell-kalaerp:default: frappe.utils.background_jobs.execute_job(event=None, is_async=True, job_name='frappe.core.doctype.scheduled_job_type.scheduled_job_type.run_scheduled_jo..., kwargs={'job_type': 'frappe.monitor.flush'}, method='frappe.core.doctype.scheduled_job_type.scheduled_job_type.run_scheduled_jo..., site='kalaerp', user='Administrator') (kalaerp::scheduled_job::frappe.monitor.flush)
2025-02-28 12:04:19,939 home-dell-kalaerp:default: Job OK (kalaerp::scheduled_job::frappe.monitor.flush)
2025-02-28 12:04:19,940 Result is kept for 600 seconds
2025-02-28 12:08:21,076 home-dell-kalaerp:default: frappe.utils.background_jobs.execute_job(event=None, is_async=True, job_name='frappe.core.doctype.scheduled_job_type.scheduled_job_type.run_scheduled_jo..., kwargs={'job_type': 'frappe.monitor.flush'}, method='frappe.core.doctype.scheduled_job_type.scheduled_job_type.run_scheduled_jo..., site='kalaerp', user='Administrator') (kalaerp::scheduled_job::frappe.monitor.flush)
2025-02-28 12:08:21,375 home-dell-kalaerp:default: Job OK (kalaerp::scheduled_job::frappe.monitor.flush)
2025-02-28 12:08:21,375 Result is kept for 600 seconds
2025-02-28 12:08:21,391 home-dell-kalaerp:default: frappe.utils.background_jobs.execute_job(event=None, is_async=True, job_name='frappe.core.doctype.scheduled_job_type.scheduled_job_type.run_scheduled_jo..., kwargs={'job_type': 'frappe.email.queue.flush'}, method='frappe.core.doctype.scheduled_job_type.scheduled_job_type.run_scheduled_jo..., site='kalaerp', user='Administrator') (kalaerp::scheduled_job::frappe.email.queue.flush)
2025-02-28 12:08:21,848 home-dell-kalaerp:default: Job OK (kalaerp::scheduled_job::frappe.email.queue.flush)
2025-02-28 12:08:21,848 Result is kept for 600 seconds
2025-02-28 12:11:25,603 Worker rq:worker:fba031a306bc47a09dedf1cca3cdf1d0 started with PID 3454, version 1.15.1
2025-02-28 12:11:25,604 Subscribing to channel rq:pubsub:fba031a306bc47a09dedf1cca3cdf1d0
2025-02-28 12:11:25,606 *** Listening on home-dell-kalaerp:short, home-dell-kalaerp:default, home-dell-kalaerp:long...
2025-02-28 12:11:25,606 Cleaning registries for queue: home-dell-kalaerp:short
2025-02-28 12:11:25,608 Cleaning registries for queue: home-dell-kalaerp:default
2025-02-28 12:11:25,609 Cleaning registries for queue: home-dell-kalaerp:long
2025-02-28 12:12:26,431 home-dell-kalaerp:default: frappe.utils.background_jobs.execute_job(event=None, is_async=True, job_name='frappe.core.doctype.scheduled_job_type.scheduled_job_type.run_scheduled_jo..., kwargs={'job_type': 'frappe.email.doctype.email_account.email_account.pull'}, method='frappe.core.doctype.scheduled_job_type.scheduled_job_type.run_scheduled_jo..., site='kalaerp', user='Administrator') (kalaerp::scheduled_job::frappe.email.doctype.email_account.email_account.pull)
2025-02-28 12:12:26,836 home-dell-kalaerp:default: Job OK (kalaerp::scheduled_job::frappe.email.doctype.email_account.email_account.pull)
2025-02-28 12:12:26,836 Result is kept for 600 seconds
2025-02-28 12:12:26,844 home-dell-kalaerp:default: frappe.utils.background_jobs.execute_job(event=None, is_async=True, job_name='frappe.core.doctype.scheduled_job_type.scheduled_job_type.run_scheduled_jo..., kwargs={'job_type': 'frappe.monitor.flush'}, method='frappe.core.doctype.scheduled_job_type.scheduled_job_type.run_scheduled_jo..., site='kalaerp', user='Administrator') (kalaerp::scheduled_job::frappe.monitor.flush)
2025-02-28 12:12:27,088 home-dell-kalaerp:default: Job OK (kalaerp::scheduled_job::frappe.monitor.flush)
2025-02-28 12:12:27,088 Result is kept for 600 seconds
2025-02-28 12:12:27,095 home-dell-kalaerp:default: frappe.utils.background_jobs.execute_job(event=None, is_async=True, job_name='frappe.core.doctype.scheduled_job_type.scheduled_job_type.run_scheduled_jo..., kwargs={'job_type': 'frappe.email.queue.flush'}, method='frappe.core.doctype.scheduled_job_type.scheduled_job_type.run_scheduled_jo..., site='kalaerp', user='Administrator') (kalaerp::scheduled_job::frappe.email.queue.flush)
2025-02-28 12:12:27,494 home-dell-kalaerp:default: Job OK (kalaerp::scheduled_job::frappe.email.queue.flush)
2025-02-28 12:12:27,494 Result is kept for 600 seconds
2025-02-28 12:15:27,857 home-dell-kalaerp:default: frappe.utils.background_jobs.execute_job(event=None, is_async=True, job_name='frappe.core.doctype.scheduled_job_type.scheduled_job_type.run_scheduled_jo..., kwargs={'job_type': 'frappe.twofactor.delete_all_barcodes_for_users'}, method='frappe.core.doctype.scheduled_job_type.scheduled_job_type.run_scheduled_jo..., site='kalaerp', user='Administrator') (kalaerp::scheduled_job::frappe.twofactor.delete_all_barcodes_for_users)
2025-02-28 12:15:28,224 home-dell-kalaerp:default: Job OK (kalaerp::scheduled_job::frappe.twofactor.delete_all_barcodes_for_users)
2025-02-28 12:15:28,224 Result is kept for 600 seconds
2025-02-28 12:15:28,231 home-dell-kalaerp:default: frappe.utils.background_jobs.execute_job(event=None, is_async=True, job_name='frappe.core.doctype.scheduled_job_type.scheduled_job_type.run_scheduled_jo..., kwargs={'job_type': 'frappe.email.doctype.email_account.email_account.notify_unrep..., method='frappe.core.doctype.scheduled_job_type.scheduled_job_type.run_scheduled_jo..., site='kalaerp', user='Administrator') (kalaerp::scheduled_job::frappe.email.doctype.email_account.email_account.notify_unreplied)
2025-02-28 12:15:28,567 home-dell-kalaerp:default: Job OK (kalaerp::scheduled_job::frappe.email.doctype.email_account.email_account.notify_unreplied)
2025-02-28 12:15:28,568 Result is kept for 600 seconds
2025-02-28 12:15:28,575 home-dell-kalaerp:default: frappe.utils.background_jobs.execute_job(event=None, is_async=True, job_name='frappe.core.doctype.scheduled_job_type.scheduled_job_type.run_scheduled_jo..., kwargs={'job_type': 'frappe.oauth.delete_oauth2_data'}, method='frappe.core.doctype.scheduled_job_type.scheduled_job_type.run_scheduled_jo..., site='kalaerp', user='Administrator') (kalaerp::scheduled_job::frappe.oauth.delete_oauth2_data)
2025-02-28 12:15:28,919 home-dell-kalaerp:default: Job OK (kalaerp::scheduled_job::frappe.oauth.delete_oauth2_data)
2025-02-28 12:15:28,919 Result is kept for 600 seconds
2025-02-28 12:15:28,926 home-dell-kalaerp:default: frappe.utils.background_jobs.execute_job(event=None, is_async=True, job_name='frappe.core.doctype.scheduled_job_type.scheduled_job_type.run_scheduled_jo..., kwargs={'job_type': 'frappe.website.doctype.web_page.web_page.check_publish_status..., method='frappe.core.doctype.scheduled_job_type.scheduled_job_type.run_scheduled_jo..., site='kalaerp', user='Administrator') (kalaerp::scheduled_job::frappe.website.doctype.web_page.web_page.check_publish_status)
2025-02-28 12:15:29,322 home-dell-kalaerp:default: Job OK (kalaerp::scheduled_job::frappe.website.doctype.web_page.web_page.check_publish_status)
2025-02-28 12:15:29,322 Result is kept for 600 seconds
2025-02-28 12:15:29,329 home-dell-kalaerp:default: frappe.utils.background_jobs.execute_job(event=None, is_async=True, job_name='frappe.core.doctype.scheduled_job_type.scheduled_job_type.run_scheduled_jo..., kwargs={'job_type': 'frappe.deferred_insert.save_to_db'}, method='frappe.core.doctype.scheduled_job_type.scheduled_job_type.run_scheduled_jo..., site='kalaerp', user='Administrator') (kalaerp::scheduled_job::frappe.deferred_insert.save_to_db)
2025-02-28 12:15:29,677 home-dell-kalaerp:default: Job OK (kalaerp::scheduled_job::frappe.deferred_insert.save_to_db)
2025-02-28 12:15:29,677 Result is kept for 600 seconds
2025-02-28 12:15:29,685 home-dell-kalaerp:default: frappe.utils.background_jobs.execute_job(event=None, is_async=True, job_name='frappe.core.doctype.scheduled_job_type.scheduled_job_type.run_scheduled_jo..., kwargs={'job_type': 'erpnext.manufacturing.doctype.bom_update_log.bom_update_log.r..., method='frappe.core.doctype.scheduled_job_type.scheduled_job_type.run_scheduled_jo..., site='kalaerp', user='Administrator') (kalaerp::scheduled_job::erpnext.manufacturing.doctype.bom_update_log.bom_update_log.resume_bom_cost_update_jobs)
2025-02-28 12:15:30,059 home-dell-kalaerp:default: Job OK (kalaerp::scheduled_job::erpnext.manufacturing.doctype.bom_update_log.bom_update_log.resume_bom_cost_update_jobs)
2025-02-28 12:15:30,059 Result is kept for 600 seconds
2025-02-28 12:15:30,066 home-dell-kalaerp:default: frappe.utils.background_jobs.execute_job(event=None, is_async=True, job_name='frappe.core.doctype.scheduled_job_type.scheduled_job_type.run_scheduled_jo..., kwargs={'job_type': 'frappe.utils.global_search.sync_global_search'}, method='frappe.core.doctype.scheduled_job_type.scheduled_job_type.run_scheduled_jo..., site='kalaerp', user='Administrator') (kalaerp::scheduled_job::frappe.utils.global_search.sync_global_search)
2025-02-28 12:15:30,378 home-dell-kalaerp:default: Job OK (kalaerp::scheduled_job::frappe.utils.global_search.sync_global_search)
2025-02-28 12:15:30,378 Result is kept for 600 seconds
2025-02-28 12:15:30,384 home-dell-kalaerp:default: frappe.utils.background_jobs.execute_job(event=None, is_async=True, job_name='frappe.core.doctype.scheduled_job_type.scheduled_job_type.run_scheduled_jo..., kwargs={'job_type': 'frappe.automation.doctype.reminder.reminder.send_reminders'}, method='frappe.core.doctype.scheduled_job_type.scheduled_job_type.run_scheduled_jo..., site='kalaerp', user='Administrator') (kalaerp::scheduled_job::frappe.automation.doctype.reminder.reminder.send_reminders)
2025-02-28 12:15:30,683 home-dell-kalaerp:default: Job OK (kalaerp::scheduled_job::frappe.automation.doctype.reminder.reminder.send_reminders)
2025-02-28 12:15:30,683 Result is kept for 600 seconds
2025-02-28 12:16:28,292 home-dell-kalaerp:default: frappe.utils.background_jobs.execute_job(event=None, is_async=True, job_name='frappe.core.doctype.scheduled_job_type.scheduled_job_type.run_scheduled_jo..., kwargs={'job_type': 'frappe.email.queue.flush'}, method='frappe.core.doctype.scheduled_job_type.scheduled_job_type.run_scheduled_jo..., site='kalaerp', user='Administrator') (kalaerp::scheduled_job::frappe.email.queue.flush)
2025-02-28 12:16:28,642 home-dell-kalaerp:default: Job OK (kalaerp::scheduled_job::frappe.email.queue.flush)
2025-02-28 12:16:28,642 Result is kept for 600 seconds
2025-02-28 12:16:28,649 home-dell-kalaerp:default: frappe.utils.background_jobs.execute_job(event=None, is_async=True, job_name='frappe.core.doctype.scheduled_job_type.scheduled_job_type.run_scheduled_jo..., kwargs={'job_type': 'frappe.monitor.flush'}, method='frappe.core.doctype.scheduled_job_type.scheduled_job_type.run_scheduled_jo..., site='kalaerp', user='Administrator') (kalaerp::scheduled_job::frappe.monitor.flush)
2025-02-28 12:16:28,895 home-dell-kalaerp:default: Job OK (kalaerp::scheduled_job::frappe.monitor.flush)
2025-02-28 12:16:28,895 Result is kept for 600 seconds
2025-02-28 12:20:29,908 home-dell-kalaerp:default: frappe.utils.background_jobs.execute_job(event=None, is_async=True, job_name='frappe.core.doctype.scheduled_job_type.scheduled_job_type.run_scheduled_jo..., kwargs={'job_type': 'frappe.email.queue.flush'}, method='frappe.core.doctype.scheduled_job_type.scheduled_job_type.run_scheduled_jo..., site='kalaerp', user='Administrator') (kalaerp::scheduled_job::frappe.email.queue.flush)
2025-02-28 12:20:30,340 home-dell-kalaerp:default: Job OK (kalaerp::scheduled_job::frappe.email.queue.flush)
2025-02-28 12:20:30,340 Result is kept for 600 seconds
2025-02-28 12:20:30,348 home-dell-kalaerp:default: frappe.utils.background_jobs.execute_job(event=None, is_async=True, job_name='frappe.core.doctype.scheduled_job_type.scheduled_job_type.run_scheduled_jo..., kwargs={'job_type': 'frappe.email.doctype.email_account.email_account.pull'}, method='frappe.core.doctype.scheduled_job_type.scheduled_job_type.run_scheduled_jo..., site='kalaerp', user='Administrator') (kalaerp::scheduled_job::frappe.email.doctype.email_account.email_account.pull)
2025-02-28 12:20:30,690 home-dell-kalaerp:default: Job OK (kalaerp::scheduled_job::frappe.email.doctype.email_account.email_account.pull)
2025-02-28 12:20:30,690 Result is kept for 600 seconds
2025-02-28 12:20:30,697 home-dell-kalaerp:default: frappe.utils.background_jobs.execute_job(event=None, is_async=True, job_name='frappe.core.doctype.scheduled_job_type.scheduled_job_type.run_scheduled_jo..., kwargs={'job_type': 'frappe.monitor.flush'}, method='frappe.core.doctype.scheduled_job_type.scheduled_job_type.run_scheduled_jo..., site='kalaerp', user='Administrator') (kalaerp::scheduled_job::frappe.monitor.flush)
2025-02-28 12:20:30,925 home-dell-kalaerp:default: Job OK (kalaerp::scheduled_job::frappe.monitor.flush)
2025-02-28 12:20:30,925 Result is kept for 600 seconds
2025-02-28 12:24:32,171 home-dell-kalaerp:default: frappe.utils.background_jobs.execute_job(event=None, is_async=True, job_name='frappe.core.doctype.scheduled_job_type.scheduled_job_type.run_scheduled_jo..., kwargs={'job_type': 'frappe.monitor.flush'}, method='frappe.core.doctype.scheduled_job_type.scheduled_job_type.run_scheduled_jo..., site='kalaerp', user='Administrator') (kalaerp::scheduled_job::frappe.monitor.flush)
2025-02-28 12:24:32,411 home-dell-kalaerp:default: Job OK (kalaerp::scheduled_job::frappe.monitor.flush)
2025-02-28 12:24:32,411 Result is kept for 600 seconds
2025-02-28 12:24:32,418 home-dell-kalaerp:default: frappe.utils.background_jobs.execute_job(event=None, is_async=True, job_name='frappe.core.doctype.scheduled_job_type.scheduled_job_type.run_scheduled_jo..., kwargs={'job_type': 'frappe.email.queue.flush'}, method='frappe.core.doctype.scheduled_job_type.scheduled_job_type.run_scheduled_jo..., site='kalaerp', user='Administrator') (kalaerp::scheduled_job::frappe.email.queue.flush)
2025-02-28 12:24:32,767 home-dell-kalaerp:default: Job OK (kalaerp::scheduled_job::frappe.email.queue.flush)
2025-02-28 12:24:32,767 Result is kept for 600 seconds
2025-02-28 12:28:34,050 home-dell-kalaerp:default: frappe.utils.background_jobs.execute_job(event=None, is_async=True, job_name='frappe.core.doctype.scheduled_job_type.scheduled_job_type.run_scheduled_jo..., kwargs={'job_type': 'frappe.monitor.flush'}, method='frappe.core.doctype.scheduled_job_type.scheduled_job_type.run_scheduled_jo..., site='kalaerp', user='Administrator') (kalaerp::scheduled_job::frappe.monitor.flush)
2025-02-28 12:28:34,306 home-dell-kalaerp:default: Job OK (kalaerp::scheduled_job::frappe.monitor.flush)
2025-02-28 12:28:34,306 Result is kept for 600 seconds
2025-02-28 12:28:34,312 home-dell-kalaerp:default: frappe.utils.background_jobs.execute_job(event=None, is_async=True, job_name='frappe.core.doctype.scheduled_job_type.scheduled_job_type.run_scheduled_jo..., kwargs={'job_type': 'frappe.email.queue.flush'}, method='frappe.core.doctype.scheduled_job_type.scheduled_job_type.run_scheduled_jo..., site='kalaerp', user='Administrator') (kalaerp::scheduled_job::frappe.email.queue.flush)
2025-02-28 12:28:34,642 home-dell-kalaerp:default: Job OK (kalaerp::scheduled_job::frappe.email.queue.flush)
2025-02-28 12:28:34,642 Result is kept for 600 seconds
2025-02-28 12:30:34,545 home-dell-kalaerp:default: frappe.utils.background_jobs.execute_job(event=None, is_async=True, job_name='frappe.core.doctype.scheduled_job_type.scheduled_job_type.run_scheduled_jo..., kwargs={'job_type': 'frappe.oauth.delete_oauth2_data'}, method='frappe.core.doctype.scheduled_job_type.scheduled_job_type.run_scheduled_jo..., site='kalaerp', user='Administrator') (kalaerp::scheduled_job::frappe.oauth.delete_oauth2_data)
2025-02-28 12:30:34,960 home-dell-kalaerp:default: Job OK (kalaerp::scheduled_job::frappe.oauth.delete_oauth2_data)
2025-02-28 12:30:34,961 Result is kept for 600 seconds
2025-02-28 12:30:34,968 home-dell-kalaerp:default: frappe.utils.background_jobs.execute_job(event=None, is_async=True, job_name='frappe.core.doctype.scheduled_job_type.scheduled_job_type.run_scheduled_jo..., kwargs={'job_type': 'frappe.email.doctype.email_account.email_account.notify_unrep..., method='frappe.core.doctype.scheduled_job_type.scheduled_job_type.run_scheduled_jo..., site='kalaerp', user='Administrator') (kalaerp::scheduled_job::frappe.email.doctype.email_account.email_account.notify_unreplied)
2025-02-28 12:30:35,492 home-dell-kalaerp:default: Job OK (kalaerp::scheduled_job::frappe.email.doctype.email_account.email_account.notify_unreplied)
2025-02-28 12:30:35,492 Result is kept for 600 seconds
2025-02-28 12:30:35,500 home-dell-kalaerp:default: frappe.utils.background_jobs.execute_job(event=None, is_async=True, job_name='frappe.core.doctype.scheduled_job_type.scheduled_job_type.run_scheduled_jo..., kwargs={'job_type': 'frappe.deferred_insert.save_to_db'}, method='frappe.core.doctype.scheduled_job_type.scheduled_job_type.run_scheduled_jo..., site='kalaerp', user='Administrator') (kalaerp::scheduled_job::frappe.deferred_insert.save_to_db)
2025-02-28 12:30:35,975 home-dell-kalaerp:default: Job OK (kalaerp::scheduled_job::frappe.deferred_insert.save_to_db)
2025-02-28 12:30:35,976 Result is kept for 600 seconds
2025-02-28 12:30:35,998 home-dell-kalaerp:default: frappe.utils.background_jobs.execute_job(event=None, is_async=True, job_name='frappe.core.doctype.scheduled_job_type.scheduled_job_type.run_scheduled_jo..., kwargs={'job_type': 'erpnext.utilities.doctype.video.video.update_youtube_data'}, method='frappe.core.doctype.scheduled_job_type.scheduled_job_type.run_scheduled_jo..., site='kalaerp', user='Administrator') (kalaerp::scheduled_job::erpnext.utilities.doctype.video.video.update_youtube_data)
2025-02-28 12:30:36,448 home-dell-kalaerp:default: Job OK (kalaerp::scheduled_job::erpnext.utilities.doctype.video.video.update_youtube_data)
2025-02-28 12:30:36,448 Result is kept for 600 seconds
2025-02-28 12:30:36,455 home-dell-kalaerp:default: frappe.utils.background_jobs.execute_job(event=None, is_async=True, job_name='frappe.core.doctype.scheduled_job_type.scheduled_job_type.run_scheduled_jo..., kwargs={'job_type': 'frappe.core.doctype.prepared_report.prepared_report.expire_st..., method='frappe.core.doctype.scheduled_job_type.scheduled_job_type.run_scheduled_jo..., site='kalaerp', user='Administrator') (kalaerp::scheduled_job::frappe.core.doctype.prepared_report.prepared_report.expire_stalled_report)
2025-02-28 12:30:36,723 home-dell-kalaerp:default: Job OK (kalaerp::scheduled_job::frappe.core.doctype.prepared_report.prepared_report.expire_stalled_report)
2025-02-28 12:30:36,723 Result is kept for 600 seconds
2025-02-28 12:30:36,731 home-dell-kalaerp:default: frappe.utils.background_jobs.execute_job(event=None, is_async=True, job_name='frappe.core.doctype.scheduled_job_type.scheduled_job_type.run_scheduled_jo..., kwargs={'job_type': 'erpnext.manufacturing.doctype.bom_update_log.bom_update_log.r..., method='frappe.core.doctype.scheduled_job_type.scheduled_job_type.run_scheduled_jo..., site='kalaerp', user='Administrator') (kalaerp::scheduled_job::erpnext.manufacturing.doctype.bom_update_log.bom_update_log.resume_bom_cost_update_jobs)
2025-02-28 12:30:37,022 home-dell-kalaerp:default: Job OK (kalaerp::scheduled_job::erpnext.manufacturing.doctype.bom_update_log.bom_update_log.resume_bom_cost_update_jobs)
2025-02-28 12:30:37,022 Result is kept for 600 seconds
2025-02-28 12:30:37,029 home-dell-kalaerp:default: frappe.utils.background_jobs.execute_job(event=None, is_async=True, job_name='frappe.core.doctype.scheduled_job_type.scheduled_job_type.run_scheduled_jo..., kwargs={'job_type': 'erpnext.accounts.doctype.gl_entry.gl_entry.rename_gle_sle_doc..., method='frappe.core.doctype.scheduled_job_type.scheduled_job_type.run_scheduled_jo..., site='kalaerp', user='Administrator') (kalaerp::scheduled_job::erpnext.accounts.doctype.gl_entry.gl_entry.rename_gle_sle_docs)
2025-02-28 12:30:37,442 home-dell-kalaerp:default: Job OK (kalaerp::scheduled_job::erpnext.accounts.doctype.gl_entry.gl_entry.rename_gle_sle_docs)
2025-02-28 12:30:37,442 Result is kept for 600 seconds
2025-02-28 12:30:37,449 home-dell-kalaerp:default: frappe.utils.background_jobs.execute_job(event=None, is_async=True, job_name='frappe.core.doctype.scheduled_job_type.scheduled_job_type.run_scheduled_jo..., kwargs={'job_type': 'frappe.website.doctype.web_page.web_page.check_publish_status..., method='frappe.core.doctype.scheduled_job_type.scheduled_job_type.run_scheduled_jo..., site='kalaerp', user='Administrator') (kalaerp::scheduled_job::frappe.website.doctype.web_page.web_page.check_publish_status)
2025-02-28 12:30:37,818 home-dell-kalaerp:default: Job OK (kalaerp::scheduled_job::frappe.website.doctype.web_page.web_page.check_publish_status)
2025-02-28 12:30:37,818 Result is kept for 600 seconds
2025-02-28 12:30:37,825 home-dell-kalaerp:default: frappe.utils.background_jobs.execute_job(event=None, is_async=True, job_name='frappe.core.doctype.scheduled_job_type.scheduled_job_type.run_scheduled_jo..., kwargs={'job_type': 'frappe.utils.global_search.sync_global_search'}, method='frappe.core.doctype.scheduled_job_type.scheduled_job_type.run_scheduled_jo..., site='kalaerp', user='Administrator') (kalaerp::scheduled_job::frappe.utils.global_search.sync_global_search)
2025-02-28 12:30:38,087 home-dell-kalaerp:default: Job OK (kalaerp::scheduled_job::frappe.utils.global_search.sync_global_search)
2025-02-28 12:30:38,087 Result is kept for 600 seconds
2025-02-28 12:30:38,093 home-dell-kalaerp:default: frappe.utils.background_jobs.execute_job(event=None, is_async=True, job_name='frappe.core.doctype.scheduled_job_type.scheduled_job_type.run_scheduled_jo..., kwargs={'job_type': 'frappe.email.doctype.email_account.email_account.pull'}, method='frappe.core.doctype.scheduled_job_type.scheduled_job_type.run_scheduled_jo..., site='kalaerp', user='Administrator') (kalaerp::scheduled_job::frappe.email.doctype.email_account.email_account.pull)
2025-02-28 12:30:38,412 home-dell-kalaerp:default: Job OK (kalaerp::scheduled_job::frappe.email.doctype.email_account.email_account.pull)
2025-02-28 12:30:38,412 Result is kept for 600 seconds
2025-02-28 12:30:38,418 home-dell-kalaerp:default: frappe.utils.background_jobs.execute_job(event=None, is_async=True, job_name='frappe.core.doctype.scheduled_job_type.scheduled_job_type.run_scheduled_jo..., kwargs={'job_type': 'frappe.twofactor.delete_all_barcodes_for_users'}, method='frappe.core.doctype.scheduled_job_type.scheduled_job_type.run_scheduled_jo..., site='kalaerp', user='Administrator') (kalaerp::scheduled_job::frappe.twofactor.delete_all_barcodes_for_users)
2025-02-28 12:30:38,681 home-dell-kalaerp:default: Job OK (kalaerp::scheduled_job::frappe.twofactor.delete_all_barcodes_for_users)
2025-02-28 12:30:38,682 Result is kept for 600 seconds
2025-02-28 12:30:38,688 home-dell-kalaerp:default: frappe.utils.background_jobs.execute_job(event=None, is_async=True, job_name='frappe.core.doctype.scheduled_job_type.scheduled_job_type.run_scheduled_jo..., kwargs={'job_type': 'frappe.automation.doctype.reminder.reminder.send_reminders'}, method='frappe.core.doctype.scheduled_job_type.scheduled_job_type.run_scheduled_jo..., site='kalaerp', user='Administrator') (kalaerp::scheduled_job::frappe.automation.doctype.reminder.reminder.send_reminders)
2025-02-28 12:30:39,001 home-dell-kalaerp:default: Job OK (kalaerp::scheduled_job::frappe.automation.doctype.reminder.reminder.send_reminders)
2025-02-28 12:30:39,001 Result is kept for 600 seconds
2025-02-28 12:32:35,763 home-dell-kalaerp:default: frappe.utils.background_jobs.execute_job(event=None, is_async=True, job_name='frappe.core.doctype.scheduled_job_type.scheduled_job_type.run_scheduled_jo..., kwargs={'job_type': 'frappe.monitor.flush'}, method='frappe.core.doctype.scheduled_job_type.scheduled_job_type.run_scheduled_jo..., site='kalaerp', user='Administrator') (kalaerp::scheduled_job::frappe.monitor.flush)
2025-02-28 12:32:36,761 home-dell-kalaerp:default: Job OK (kalaerp::scheduled_job::frappe.monitor.flush)
2025-02-28 12:32:36,761 Result is kept for 600 seconds
2025-02-28 12:32:36,841 home-dell-kalaerp:default: frappe.utils.background_jobs.execute_job(event=None, is_async=True, job_name='frappe.core.doctype.scheduled_job_type.scheduled_job_type.run_scheduled_jo..., kwargs={'job_type': 'frappe.email.queue.flush'}, method='frappe.core.doctype.scheduled_job_type.scheduled_job_type.run_scheduled_jo..., site='kalaerp', user='Administrator') (kalaerp::scheduled_job::frappe.email.queue.flush)
2025-02-28 12:32:37,754 home-dell-kalaerp:default: Job OK (kalaerp::scheduled_job::frappe.email.queue.flush)
2025-02-28 12:32:37,754 Result is kept for 600 seconds
2025-02-28 12:35:12,709 Worker fba031a306bc47a09dedf1cca3cdf1d0 [PID 3454]: warm shut down requested
2025-02-28 12:35:12,717 Unsubscribing from channel rq:pubsub:fba031a306bc47a09dedf1cca3cdf1d0
2025-02-28 12:39:54,159 Worker rq:worker:1f0de29972544e45909f06d49f36da6e started with PID 14734, version 1.15.1
2025-02-28 12:39:54,159 Subscribing to channel rq:pubsub:1f0de29972544e45909f06d49f36da6e
2025-02-28 12:39:54,160 *** Listening on home-dell-kalaerp:short, home-dell-kalaerp:default, home-dell-kalaerp:long...
2025-02-28 12:39:54,160 Cleaning registries for queue: home-dell-kalaerp:short
2025-02-28 12:39:54,162 Cleaning registries for queue: home-dell-kalaerp:default
2025-02-28 12:39:54,164 Cleaning registries for queue: home-dell-kalaerp:long
2025-02-28 12:40:55,319 home-dell-kalaerp:default: frappe.utils.background_jobs.execute_job(event=None, is_async=True, job_name='frappe.core.doctype.scheduled_job_type.scheduled_job_type.run_scheduled_jo..., kwargs={'job_type': 'frappe.email.queue.flush'}, method='frappe.core.doctype.scheduled_job_type.scheduled_job_type.run_scheduled_jo..., site='kalaerp', user='Administrator') (kalaerp::scheduled_job::frappe.email.queue.flush)
2025-02-28 12:40:55,829 home-dell-kalaerp:default: Job OK (kalaerp::scheduled_job::frappe.email.queue.flush)
2025-02-28 12:40:55,830 Result is kept for 600 seconds
2025-02-28 12:40:55,843 home-dell-kalaerp:default: frappe.utils.background_jobs.execute_job(event=None, is_async=True, job_name='frappe.core.doctype.scheduled_job_type.scheduled_job_type.run_scheduled_jo..., kwargs={'job_type': 'hrms.hr.doctype.interview.interview.send_interview_reminder'}, method='frappe.core.doctype.scheduled_job_type.scheduled_job_type.run_scheduled_jo..., site='kalaerp', user='Administrator') (kalaerp::scheduled_job::hrms.hr.doctype.interview.interview.send_interview_reminder)
2025-02-28 12:40:56,157 home-dell-kalaerp:default: Job OK (kalaerp::scheduled_job::hrms.hr.doctype.interview.interview.send_interview_reminder)
2025-02-28 12:40:56,158 Result is kept for 600 seconds
2025-02-28 12:40:56,165 home-dell-kalaerp:default: frappe.utils.background_jobs.execute_job(event=None, is_async=True, job_name='frappe.core.doctype.scheduled_job_type.scheduled_job_type.run_scheduled_jo..., kwargs={'job_type': 'frappe.email.doctype.email_account.email_account.pull'}, method='frappe.core.doctype.scheduled_job_type.scheduled_job_type.run_scheduled_jo..., site='kalaerp', user='Administrator') (kalaerp::scheduled_job::frappe.email.doctype.email_account.email_account.pull)
2025-02-28 12:40:56,630 home-dell-kalaerp:default: Job OK (kalaerp::scheduled_job::frappe.email.doctype.email_account.email_account.pull)
2025-02-28 12:40:56,631 Result is kept for 600 seconds
2025-02-28 12:40:56,639 home-dell-kalaerp:default: frappe.utils.background_jobs.execute_job(event=None, is_async=True, job_name='frappe.core.doctype.scheduled_job_type.scheduled_job_type.run_scheduled_jo..., kwargs={'job_type': 'frappe.monitor.flush'}, method='frappe.core.doctype.scheduled_job_type.scheduled_job_type.run_scheduled_jo..., site='kalaerp', user='Administrator') (kalaerp::scheduled_job::frappe.monitor.flush)
2025-02-28 12:40:56,916 home-dell-kalaerp:default: Job OK (kalaerp::scheduled_job::frappe.monitor.flush)
2025-02-28 12:40:56,916 Result is kept for 600 seconds
2025-02-28 12:44:58,051 home-dell-kalaerp:default: frappe.utils.background_jobs.execute_job(event=None, is_async=True, job_name='frappe.core.doctype.scheduled_job_type.scheduled_job_type.run_scheduled_jo..., kwargs={'job_type': 'hrms.hr.doctype.interview.interview.send_interview_reminder'}, method='frappe.core.doctype.scheduled_job_type.scheduled_job_type.run_scheduled_jo..., site='kalaerp', user='Administrator') (kalaerp::scheduled_job::hrms.hr.doctype.interview.interview.send_interview_reminder)
2025-02-28 12:44:58,461 home-dell-kalaerp:default: Job OK (kalaerp::scheduled_job::hrms.hr.doctype.interview.interview.send_interview_reminder)
2025-02-28 12:44:58,462 Result is kept for 600 seconds
2025-02-28 12:44:58,469 home-dell-kalaerp:default: frappe.utils.background_jobs.execute_job(event=None, is_async=True, job_name='frappe.core.doctype.scheduled_job_type.scheduled_job_type.run_scheduled_jo..., kwargs={'job_type': 'frappe.email.queue.flush'}, method='frappe.core.doctype.scheduled_job_type.scheduled_job_type.run_scheduled_jo..., site='kalaerp', user='Administrator') (kalaerp::scheduled_job::frappe.email.queue.flush)
2025-02-28 12:44:58,945 home-dell-kalaerp:default: Job OK (kalaerp::scheduled_job::frappe.email.queue.flush)
2025-02-28 12:44:58,945 Result is kept for 600 seconds
2025-02-28 12:44:58,955 home-dell-kalaerp:default: frappe.utils.background_jobs.execute_job(event=None, is_async=True, job_name='frappe.core.doctype.scheduled_job_type.scheduled_job_type.run_scheduled_jo..., kwargs={'job_type': 'frappe.monitor.flush'}, method='frappe.core.doctype.scheduled_job_type.scheduled_job_type.run_scheduled_jo..., site='kalaerp', user='Administrator') (kalaerp::scheduled_job::frappe.monitor.flush)
2025-02-28 12:44:59,284 home-dell-kalaerp:default: Job OK (kalaerp::scheduled_job::frappe.monitor.flush)
2025-02-28 12:44:59,284 Result is kept for 600 seconds
2025-02-28 12:45:58,664 home-dell-kalaerp:default: frappe.utils.background_jobs.execute_job(event=None, is_async=True, job_name='frappe.core.doctype.scheduled_job_type.scheduled_job_type.run_scheduled_jo..., kwargs={'job_type': 'frappe.website.doctype.web_page.web_page.check_publish_status..., method='frappe.core.doctype.scheduled_job_type.scheduled_job_type.run_scheduled_jo..., site='kalaerp', user='Administrator') (kalaerp::scheduled_job::frappe.website.doctype.web_page.web_page.check_publish_status)
2025-02-28 12:45:59,282 home-dell-kalaerp:default: Job OK (kalaerp::scheduled_job::frappe.website.doctype.web_page.web_page.check_publish_status)
2025-02-28 12:45:59,282 Result is kept for 600 seconds
2025-02-28 12:45:59,290 home-dell-kalaerp:default: frappe.utils.background_jobs.execute_job(event=None, is_async=True, job_name='frappe.core.doctype.scheduled_job_type.scheduled_job_type.run_scheduled_jo..., kwargs={'job_type': 'frappe.utils.global_search.sync_global_search'}, method='frappe.core.doctype.scheduled_job_type.scheduled_job_type.run_scheduled_jo..., site='kalaerp', user='Administrator') (kalaerp::scheduled_job::frappe.utils.global_search.sync_global_search)
2025-02-28 12:45:59,590 home-dell-kalaerp:default: Job OK (kalaerp::scheduled_job::frappe.utils.global_search.sync_global_search)
2025-02-28 12:45:59,590 Result is kept for 600 seconds
2025-02-28 12:45:59,597 home-dell-kalaerp:default: frappe.utils.background_jobs.execute_job(event=None, is_async=True, job_name='frappe.core.doctype.scheduled_job_type.scheduled_job_type.run_scheduled_jo..., kwargs={'job_type': 'frappe.automation.doctype.reminder.reminder.send_reminders'}, method='frappe.core.doctype.scheduled_job_type.scheduled_job_type.run_scheduled_jo..., site='kalaerp', user='Administrator') (kalaerp::scheduled_job::frappe.automation.doctype.reminder.reminder.send_reminders)
2025-02-28 12:45:59,946 home-dell-kalaerp:default: Job OK (kalaerp::scheduled_job::frappe.automation.doctype.reminder.reminder.send_reminders)
2025-02-28 12:45:59,946 Result is kept for 600 seconds
2025-02-28 12:45:59,952 home-dell-kalaerp:default: frappe.utils.background_jobs.execute_job(event=None, is_async=True, job_name='frappe.core.doctype.scheduled_job_type.scheduled_job_type.run_scheduled_jo..., kwargs={'job_type': 'frappe.deferred_insert.save_to_db'}, method='frappe.core.doctype.scheduled_job_type.scheduled_job_type.run_scheduled_jo..., site='kalaerp', user='Administrator') (kalaerp::scheduled_job::frappe.deferred_insert.save_to_db)
2025-02-28 12:46:00,347 home-dell-kalaerp:default: Job OK (kalaerp::scheduled_job::frappe.deferred_insert.save_to_db)
2025-02-28 12:46:00,347 Result is kept for 600 seconds
2025-02-28 12:46:00,354 home-dell-kalaerp:default: frappe.utils.background_jobs.execute_job(event=None, is_async=True, job_name='frappe.core.doctype.scheduled_job_type.scheduled_job_type.run_scheduled_jo..., kwargs={'job_type': 'frappe.email.doctype.email_account.email_account.notify_unrep..., method='frappe.core.doctype.scheduled_job_type.scheduled_job_type.run_scheduled_jo..., site='kalaerp', user='Administrator') (kalaerp::scheduled_job::frappe.email.doctype.email_account.email_account.notify_unreplied)
2025-02-28 12:46:00,781 home-dell-kalaerp:default: Job OK (kalaerp::scheduled_job::frappe.email.doctype.email_account.email_account.notify_unreplied)
2025-02-28 12:46:00,781 Result is kept for 600 seconds
2025-02-28 12:46:00,788 home-dell-kalaerp:default: frappe.utils.background_jobs.execute_job(event=None, is_async=True, job_name='frappe.core.doctype.scheduled_job_type.scheduled_job_type.run_scheduled_jo..., kwargs={'job_type': 'erpnext.manufacturing.doctype.bom_update_log.bom_update_log.r..., method='frappe.core.doctype.scheduled_job_type.scheduled_job_type.run_scheduled_jo..., site='kalaerp', user='Administrator') (kalaerp::scheduled_job::erpnext.manufacturing.doctype.bom_update_log.bom_update_log.resume_bom_cost_update_jobs)
2025-02-28 12:46:01,124 home-dell-kalaerp:default: Job OK (kalaerp::scheduled_job::erpnext.manufacturing.doctype.bom_update_log.bom_update_log.resume_bom_cost_update_jobs)
2025-02-28 12:46:01,125 Result is kept for 600 seconds
2025-02-28 12:46:01,133 home-dell-kalaerp:default: frappe.utils.background_jobs.execute_job(event=None, is_async=True, job_name='frappe.core.doctype.scheduled_job_type.scheduled_job_type.run_scheduled_jo..., kwargs={'job_type': 'frappe.twofactor.delete_all_barcodes_for_users'}, method='frappe.core.doctype.scheduled_job_type.scheduled_job_type.run_scheduled_jo..., site='kalaerp', user='Administrator') (kalaerp::scheduled_job::frappe.twofactor.delete_all_barcodes_for_users)
2025-02-28 12:46:01,441 home-dell-kalaerp:default: Job OK (kalaerp::scheduled_job::frappe.twofactor.delete_all_barcodes_for_users)
2025-02-28 12:46:01,441 Result is kept for 600 seconds
2025-02-28 12:46:01,448 home-dell-kalaerp:default: frappe.utils.background_jobs.execute_job(event=None, is_async=True, job_name='frappe.core.doctype.scheduled_job_type.scheduled_job_type.run_scheduled_jo..., kwargs={'job_type': 'frappe.oauth.delete_oauth2_data'}, method='frappe.core.doctype.scheduled_job_type.scheduled_job_type.run_scheduled_jo..., site='kalaerp', user='Administrator') (kalaerp::scheduled_job::frappe.oauth.delete_oauth2_data)
2025-02-28 12:46:01,754 home-dell-kalaerp:default: Job OK (kalaerp::scheduled_job::frappe.oauth.delete_oauth2_data)
2025-02-28 12:46:01,754 Result is kept for 600 seconds
2025-02-28 12:48:00,031 home-dell-kalaerp:default: frappe.utils.background_jobs.execute_job(event=None, is_async=True, job_name='frappe.core.doctype.scheduled_job_type.scheduled_job_type.run_scheduled_jo..., kwargs={'job_type': 'frappe.monitor.flush'}, method='frappe.core.doctype.scheduled_job_type.scheduled_job_type.run_scheduled_jo..., site='kalaerp', user='Administrator') (kalaerp::scheduled_job::frappe.monitor.flush)
2025-02-28 12:48:00,322 home-dell-kalaerp:default: Job OK (kalaerp::scheduled_job::frappe.monitor.flush)
2025-02-28 12:48:00,322 Result is kept for 600 seconds
2025-02-28 12:49:00,659 home-dell-kalaerp:default: frappe.utils.background_jobs.execute_job(event=None, is_async=True, job_name='frappe.core.doctype.scheduled_job_type.scheduled_job_type.run_scheduled_jo..., kwargs={'job_type': 'hrms.hr.doctype.interview.interview.send_interview_reminder'}, method='frappe.core.doctype.scheduled_job_type.scheduled_job_type.run_scheduled_jo..., site='kalaerp', user='Administrator') (kalaerp::scheduled_job::hrms.hr.doctype.interview.interview.send_interview_reminder)
2025-02-28 12:49:01,124 home-dell-kalaerp:default: Job OK (kalaerp::scheduled_job::hrms.hr.doctype.interview.interview.send_interview_reminder)
2025-02-28 12:49:01,124 Result is kept for 600 seconds
2025-02-28 12:49:01,132 home-dell-kalaerp:default: frappe.utils.background_jobs.execute_job(event=None, is_async=True, job_name='frappe.core.doctype.scheduled_job_type.scheduled_job_type.run_scheduled_jo..., kwargs={'job_type': 'frappe.email.queue.flush'}, method='frappe.core.doctype.scheduled_job_type.scheduled_job_type.run_scheduled_jo..., site='kalaerp', user='Administrator') (kalaerp::scheduled_job::frappe.email.queue.flush)
2025-02-28 12:49:01,485 home-dell-kalaerp:default: Job OK (kalaerp::scheduled_job::frappe.email.queue.flush)
2025-02-28 12:49:01,485 Result is kept for 600 seconds
2025-02-28 12:50:01,328 home-dell-kalaerp:default: frappe.utils.background_jobs.execute_job(event=None, is_async=True, job_name='frappe.core.doctype.scheduled_job_type.scheduled_job_type.run_scheduled_jo..., kwargs={'job_type': 'frappe.email.doctype.email_account.email_account.pull'}, method='frappe.core.doctype.scheduled_job_type.scheduled_job_type.run_scheduled_jo..., site='kalaerp', user='Administrator') (kalaerp::scheduled_job::frappe.email.doctype.email_account.email_account.pull)
2025-02-28 12:50:01,681 home-dell-kalaerp:default: Job OK (kalaerp::scheduled_job::frappe.email.doctype.email_account.email_account.pull)
2025-02-28 12:50:01,681 Result is kept for 600 seconds
2025-02-28 12:52:02,466 home-dell-kalaerp:default: frappe.utils.background_jobs.execute_job(event=None, is_async=True, job_name='frappe.core.doctype.scheduled_job_type.scheduled_job_type.run_scheduled_jo..., kwargs={'job_type': 'frappe.email.queue.flush'}, method='frappe.core.doctype.scheduled_job_type.scheduled_job_type.run_scheduled_jo..., site='kalaerp', user='Administrator') (kalaerp::scheduled_job::frappe.email.queue.flush)
2025-02-28 12:52:02,826 home-dell-kalaerp:default: Job OK (kalaerp::scheduled_job::frappe.email.queue.flush)
2025-02-28 12:52:02,827 Result is kept for 600 seconds
2025-02-28 12:52:02,835 home-dell-kalaerp:default: frappe.utils.background_jobs.execute_job(event=None, is_async=True, job_name='frappe.core.doctype.scheduled_job_type.scheduled_job_type.run_scheduled_jo..., kwargs={'job_type': 'frappe.monitor.flush'}, method='frappe.core.doctype.scheduled_job_type.scheduled_job_type.run_scheduled_jo..., site='kalaerp', user='Administrator') (kalaerp::scheduled_job::frappe.monitor.flush)
2025-02-28 12:52:03,081 home-dell-kalaerp:default: Job OK (kalaerp::scheduled_job::frappe.monitor.flush)
2025-02-28 12:52:03,081 Result is kept for 600 seconds
2025-02-28 12:52:03,088 home-dell-kalaerp:default: frappe.utils.background_jobs.execute_job(event=None, is_async=True, job_name='frappe.core.doctype.scheduled_job_type.scheduled_job_type.run_scheduled_jo..., kwargs={'job_type': 'hrms.hr.doctype.interview.interview.send_interview_reminder'}, method='frappe.core.doctype.scheduled_job_type.scheduled_job_type.run_scheduled_jo..., site='kalaerp', user='Administrator') (kalaerp::scheduled_job::hrms.hr.doctype.interview.interview.send_interview_reminder)
2025-02-28 12:52:03,329 home-dell-kalaerp:default: Job OK (kalaerp::scheduled_job::hrms.hr.doctype.interview.interview.send_interview_reminder)
2025-02-28 12:52:03,329 Result is kept for 600 seconds
2025-02-28 12:56:04,312 home-dell-kalaerp:default: frappe.utils.background_jobs.execute_job(event=None, is_async=True, job_name='frappe.core.doctype.scheduled_job_type.scheduled_job_type.run_scheduled_jo..., kwargs={'job_type': 'frappe.email.queue.flush'}, method='frappe.core.doctype.scheduled_job_type.scheduled_job_type.run_scheduled_jo..., site='kalaerp', user='Administrator') (kalaerp::scheduled_job::frappe.email.queue.flush)
2025-02-28 12:56:04,698 home-dell-kalaerp:default: Job OK (kalaerp::scheduled_job::frappe.email.queue.flush)
2025-02-28 12:56:04,698 Result is kept for 600 seconds
2025-02-28 12:56:04,707 home-dell-kalaerp:default: frappe.utils.background_jobs.execute_job(event=None, is_async=True, job_name='frappe.core.doctype.scheduled_job_type.scheduled_job_type.run_scheduled_jo..., kwargs={'job_type': 'frappe.monitor.flush'}, method='frappe.core.doctype.scheduled_job_type.scheduled_job_type.run_scheduled_jo..., site='kalaerp', user='Administrator') (kalaerp::scheduled_job::frappe.monitor.flush)
2025-02-28 12:56:04,971 home-dell-kalaerp:default: Job OK (kalaerp::scheduled_job::frappe.monitor.flush)
2025-02-28 12:56:04,971 Result is kept for 600 seconds
2025-02-28 12:56:04,977 home-dell-kalaerp:default: frappe.utils.background_jobs.execute_job(event=None, is_async=True, job_name='frappe.core.doctype.scheduled_job_type.scheduled_job_type.run_scheduled_jo..., kwargs={'job_type': 'hrms.hr.doctype.interview.interview.send_interview_reminder'}, method='frappe.core.doctype.scheduled_job_type.scheduled_job_type.run_scheduled_jo..., site='kalaerp', user='Administrator') (kalaerp::scheduled_job::hrms.hr.doctype.interview.interview.send_interview_reminder)
2025-02-28 12:56:05,201 home-dell-kalaerp:default: Job OK (kalaerp::scheduled_job::hrms.hr.doctype.interview.interview.send_interview_reminder)
2025-02-28 12:56:05,201 Result is kept for 600 seconds
2025-02-28 13:00:08,408 home-dell-kalaerp:default: frappe.utils.background_jobs.execute_job(event=None, is_async=True, job_name='frappe.core.doctype.scheduled_job_type.scheduled_job_type.run_scheduled_jo..., kwargs={'job_type': 'frappe.website.doctype.personal_data_deletion_request.persona..., method='frappe.core.doctype.scheduled_job_type.scheduled_job_type.run_scheduled_jo..., site='kalaerp', user='Administrator') (kalaerp::scheduled_job::frappe.website.doctype.personal_data_deletion_request.personal_data_deletion_request.process_data_deletion_request)
2025-02-28 13:00:09,297 home-dell-kalaerp:default: Job OK (kalaerp::scheduled_job::frappe.website.doctype.personal_data_deletion_request.personal_data_deletion_request.process_data_deletion_request)
2025-02-28 13:00:09,298 Result is kept for 600 seconds
2025-02-28 13:00:09,315 Cleaning registries for queue: home-dell-kalaerp:short
2025-02-28 13:00:09,319 Cleaning registries for queue: home-dell-kalaerp:default
2025-02-28 13:00:09,322 Cleaning registries for queue: home-dell-kalaerp:long
2025-02-28 13:00:09,328 home-dell-kalaerp:default: frappe.utils.background_jobs.execute_job(event=None, is_async=True, job_name='frappe.core.doctype.scheduled_job_type.scheduled_job_type.run_scheduled_jo..., kwargs={'job_type': 'frappe.email.doctype.email_account.email_account.pull'}, method='frappe.core.doctype.scheduled_job_type.scheduled_job_type.run_scheduled_jo..., site='kalaerp', user='Administrator') (kalaerp::scheduled_job::frappe.email.doctype.email_account.email_account.pull)
2025-02-28 13:00:10,171 home-dell-kalaerp:default: Job OK (kalaerp::scheduled_job::frappe.email.doctype.email_account.email_account.pull)
2025-02-28 13:00:10,171 Result is kept for 600 seconds
2025-02-28 13:00:10,189 home-dell-kalaerp:default: frappe.utils.background_jobs.execute_job(event=None, is_async=True, job_name='frappe.core.doctype.scheduled_job_type.scheduled_job_type.run_scheduled_jo..., kwargs={'job_type': 'frappe.monitor.flush'}, method='frappe.core.doctype.scheduled_job_type.scheduled_job_type.run_scheduled_jo..., site='kalaerp', user='Administrator') (kalaerp::scheduled_job::frappe.monitor.flush)
2025-02-28 13:00:10,890 home-dell-kalaerp:default: Job OK (kalaerp::scheduled_job::frappe.monitor.flush)
2025-02-28 13:00:10,891 Result is kept for 600 seconds
2025-02-28 13:00:10,909 home-dell-kalaerp:default: frappe.utils.background_jobs.execute_job(event=None, is_async=True, job_name='frappe.core.doctype.scheduled_job_type.scheduled_job_type.run_scheduled_jo..., kwargs={'job_type': 'frappe.email.queue.flush'}, method='frappe.core.doctype.scheduled_job_type.scheduled_job_type.run_scheduled_jo..., site='kalaerp', user='Administrator') (kalaerp::scheduled_job::frappe.email.queue.flush)
2025-02-28 13:00:11,952 home-dell-kalaerp:default: Job OK (kalaerp::scheduled_job::frappe.email.queue.flush)
2025-02-28 13:00:11,953 Result is kept for 600 seconds
2025-02-28 13:00:11,977 home-dell-kalaerp:default: frappe.utils.background_jobs.execute_job(event=None, is_async=True, job_name='frappe.core.doctype.scheduled_job_type.scheduled_job_type.run_scheduled_jo..., kwargs={'job_type': 'frappe.desk.form.document_follow.send_hourly_updates'}, method='frappe.core.doctype.scheduled_job_type.scheduled_job_type.run_scheduled_jo..., site='kalaerp', user='Administrator') (kalaerp::scheduled_job::frappe.desk.form.document_follow.send_hourly_updates)
2025-02-28 13:00:12,847 home-dell-kalaerp:default: Job OK (kalaerp::scheduled_job::frappe.desk.form.document_follow.send_hourly_updates)
2025-02-28 13:00:12,847 Result is kept for 600 seconds
2025-02-28 13:00:12,864 home-dell-kalaerp:default: frappe.utils.background_jobs.execute_job(event=None, is_async=True, job_name='frappe.core.doctype.scheduled_job_type.scheduled_job_type.run_scheduled_jo..., kwargs={'job_type': 'frappe.website.doctype.web_page.web_page.check_publish_status..., method='frappe.core.doctype.scheduled_job_type.scheduled_job_type.run_scheduled_jo..., site='kalaerp', user='Administrator') (kalaerp::scheduled_job::frappe.website.doctype.web_page.web_page.check_publish_status)
2025-02-28 13:00:13,904 home-dell-kalaerp:default: Job OK (kalaerp::scheduled_job::frappe.website.doctype.web_page.web_page.check_publish_status)
2025-02-28 13:00:13,905 Result is kept for 600 seconds
2025-02-28 13:00:13,922 home-dell-kalaerp:default: frappe.utils.background_jobs.execute_job(event=None, is_async=True, job_name='frappe.core.doctype.scheduled_job_type.scheduled_job_type.run_scheduled_jo..., kwargs={'job_type': 'hrms.hr.doctype.daily_work_summary_group.daily_work_summary_g..., method='frappe.core.doctype.scheduled_job_type.scheduled_job_type.run_scheduled_jo..., site='kalaerp', user='Administrator') (kalaerp::scheduled_job::hrms.hr.doctype.daily_work_summary_group.daily_work_summary_group.trigger_emails)
2025-02-28 13:00:14,762 home-dell-kalaerp:default: Job OK (kalaerp::scheduled_job::hrms.hr.doctype.daily_work_summary_group.daily_work_summary_group.trigger_emails)
2025-02-28 13:00:14,762 Result is kept for 600 seconds
2025-02-28 13:00:14,784 home-dell-kalaerp:default: frappe.utils.background_jobs.execute_job(event=None, is_async=True, job_name='frappe.core.doctype.scheduled_job_type.scheduled_job_type.run_scheduled_jo..., kwargs={'job_type': 'frappe.email.doctype.newsletter.newsletter.send_scheduled_ema..., method='frappe.core.doctype.scheduled_job_type.scheduled_job_type.run_scheduled_jo..., site='kalaerp', user='Administrator') (kalaerp::scheduled_job::frappe.email.doctype.newsletter.newsletter.send_scheduled_email)
2025-02-28 13:00:15,705 home-dell-kalaerp:default: Job OK (kalaerp::scheduled_job::frappe.email.doctype.newsletter.newsletter.send_scheduled_email)
2025-02-28 13:00:15,706 Result is kept for 600 seconds
2025-02-28 13:00:15,723 home-dell-kalaerp:default: frappe.utils.background_jobs.execute_job(event=None, is_async=True, job_name='frappe.core.doctype.scheduled_job_type.scheduled_job_type.run_scheduled_jo..., kwargs={'job_type': 'frappe.oauth.delete_oauth2_data'}, method='frappe.core.doctype.scheduled_job_type.scheduled_job_type.run_scheduled_jo..., site='kalaerp', user='Administrator') (kalaerp::scheduled_job::frappe.oauth.delete_oauth2_data)
2025-02-28 13:00:16,552 home-dell-kalaerp:default: Job OK (kalaerp::scheduled_job::frappe.oauth.delete_oauth2_data)
2025-02-28 13:00:16,552 Result is kept for 600 seconds
2025-02-28 13:00:16,569 home-dell-kalaerp:default: frappe.utils.background_jobs.execute_job(event=None, is_async=True, job_name='frappe.core.doctype.scheduled_job_type.scheduled_job_type.run_scheduled_jo..., kwargs={'job_type': 'erpnext.manufacturing.doctype.bom_update_log.bom_update_log.r..., method='frappe.core.doctype.scheduled_job_type.scheduled_job_type.run_scheduled_jo..., site='kalaerp', user='Administrator') (kalaerp::scheduled_job::erpnext.manufacturing.doctype.bom_update_log.bom_update_log.resume_bom_cost_update_jobs)
2025-02-28 13:00:17,282 home-dell-kalaerp:default: Job OK (kalaerp::scheduled_job::erpnext.manufacturing.doctype.bom_update_log.bom_update_log.resume_bom_cost_update_jobs)
2025-02-28 13:00:17,283 Result is kept for 600 seconds
2025-02-28 13:00:17,298 home-dell-kalaerp:default: frappe.utils.background_jobs.execute_job(event=None, is_async=True, job_name='frappe.core.doctype.scheduled_job_type.scheduled_job_type.run_scheduled_jo..., kwargs={'job_type': 'frappe.model.utils.link_count.update_link_count'}, method='frappe.core.doctype.scheduled_job_type.scheduled_job_type.run_scheduled_jo..., site='kalaerp', user='Administrator') (kalaerp::scheduled_job::frappe.model.utils.link_count.update_link_count)
2025-02-28 13:00:18,034 home-dell-kalaerp:default: Job OK (kalaerp::scheduled_job::frappe.model.utils.link_count.update_link_count)
2025-02-28 13:00:18,034 Result is kept for 600 seconds
2025-02-28 13:00:18,053 home-dell-kalaerp:default: frappe.utils.background_jobs.execute_job(event=None, is_async=True, job_name='frappe.core.doctype.scheduled_job_type.scheduled_job_type.run_scheduled_jo..., kwargs={'job_type': 'frappe.deferred_insert.save_to_db'}, method='frappe.core.doctype.scheduled_job_type.scheduled_job_type.run_scheduled_jo..., site='kalaerp', user='Administrator') (kalaerp::scheduled_job::frappe.deferred_insert.save_to_db)
2025-02-28 13:00:18,848 home-dell-kalaerp:default: Job OK (kalaerp::scheduled_job::frappe.deferred_insert.save_to_db)
2025-02-28 13:00:18,848 Result is kept for 600 seconds
2025-02-28 13:00:18,867 home-dell-kalaerp:default: frappe.utils.background_jobs.execute_job(event=None, is_async=True, job_name='frappe.core.doctype.scheduled_job_type.scheduled_job_type.run_scheduled_jo..., kwargs={'job_type': 'frappe.email.doctype.email_account.email_account.notify_unrep..., method='frappe.core.doctype.scheduled_job_type.scheduled_job_type.run_scheduled_jo..., site='kalaerp', user='Administrator') (kalaerp::scheduled_job::frappe.email.doctype.email_account.email_account.notify_unreplied)
2025-02-28 13:00:19,648 home-dell-kalaerp:default: Job OK (kalaerp::scheduled_job::frappe.email.doctype.email_account.email_account.notify_unreplied)
2025-02-28 13:00:19,648 Result is kept for 600 seconds
2025-02-28 13:00:19,666 home-dell-kalaerp:default: frappe.utils.background_jobs.execute_job(event=None, is_async=True, job_name='frappe.core.doctype.scheduled_job_type.scheduled_job_type.run_scheduled_jo..., kwargs={'job_type': 'erpnext.utilities.doctype.video.video.update_youtube_data'}, method='frappe.core.doctype.scheduled_job_type.scheduled_job_type.run_scheduled_jo..., site='kalaerp', user='Administrator') (kalaerp::scheduled_job::erpnext.utilities.doctype.video.video.update_youtube_data)
2025-02-28 13:00:20,786 home-dell-kalaerp:default: Job OK (kalaerp::scheduled_job::erpnext.utilities.doctype.video.video.update_youtube_data)
2025-02-28 13:00:20,786 Result is kept for 600 seconds
2025-02-28 13:00:20,805 home-dell-kalaerp:default: frappe.utils.background_jobs.execute_job(event=None, is_async=True, job_name='frappe.core.doctype.scheduled_job_type.scheduled_job_type.run_scheduled_jo..., kwargs={'job_type': 'frappe.model.utils.user_settings.sync_user_settings'}, method='frappe.core.doctype.scheduled_job_type.scheduled_job_type.run_scheduled_jo..., site='kalaerp', user='Administrator') (kalaerp::scheduled_job::frappe.model.utils.user_settings.sync_user_settings)
2025-02-28 13:00:21,580 home-dell-kalaerp:default: Job OK (kalaerp::scheduled_job::frappe.model.utils.user_settings.sync_user_settings)
2025-02-28 13:00:21,580 Result is kept for 600 seconds
2025-02-28 13:00:21,599 home-dell-kalaerp:default: frappe.utils.background_jobs.execute_job(event=None, is_async=True, job_name='frappe.core.doctype.scheduled_job_type.scheduled_job_type.run_scheduled_jo..., kwargs={'job_type': 'frappe.twofactor.delete_all_barcodes_for_users'}, method='frappe.core.doctype.scheduled_job_type.scheduled_job_type.run_scheduled_jo..., site='kalaerp', user='Administrator') (kalaerp::scheduled_job::frappe.twofactor.delete_all_barcodes_for_users)
2025-02-28 13:00:22,557 home-dell-kalaerp:default: Job OK (kalaerp::scheduled_job::frappe.twofactor.delete_all_barcodes_for_users)
2025-02-28 13:00:22,558 Result is kept for 600 seconds
2025-02-28 13:00:22,577 home-dell-kalaerp:default: frappe.utils.background_jobs.execute_job(event=None, is_async=True, job_name='frappe.core.doctype.scheduled_job_type.scheduled_job_type.run_scheduled_jo..., kwargs={'job_type': 'erpnext.projects.doctype.project.project.hourly_reminder'}, method='frappe.core.doctype.scheduled_job_type.scheduled_job_type.run_scheduled_jo..., site='kalaerp', user='Administrator') (kalaerp::scheduled_job::erpnext.projects.doctype.project.project.hourly_reminder)
2025-02-28 13:00:23,534 home-dell-kalaerp:default: Job OK (kalaerp::scheduled_job::erpnext.projects.doctype.project.project.hourly_reminder)
2025-02-28 13:00:23,534 Result is kept for 600 seconds
2025-02-28 13:00:23,552 home-dell-kalaerp:default: frappe.utils.background_jobs.execute_job(event=None, is_async=True, job_name='frappe.core.doctype.scheduled_job_type.scheduled_job_type.run_scheduled_jo..., kwargs={'job_type': 'frappe.automation.doctype.reminder.reminder.send_reminders'}, method='frappe.core.doctype.scheduled_job_type.scheduled_job_type.run_scheduled_jo..., site='kalaerp', user='Administrator') (kalaerp::scheduled_job::frappe.automation.doctype.reminder.reminder.send_reminders)
2025-02-28 13:00:24,316 home-dell-kalaerp:default: Job OK (kalaerp::scheduled_job::frappe.automation.doctype.reminder.reminder.send_reminders)
2025-02-28 13:00:24,316 Result is kept for 600 seconds
2025-02-28 13:00:24,337 home-dell-kalaerp:default: frappe.utils.background_jobs.execute_job(event=None, is_async=True, job_name='frappe.core.doctype.scheduled_job_type.scheduled_job_type.run_scheduled_jo..., kwargs={'job_type': 'erpnext.projects.doctype.project.project.collect_project_stat..., method='frappe.core.doctype.scheduled_job_type.scheduled_job_type.run_scheduled_jo..., site='kalaerp', user='Administrator') (kalaerp::scheduled_job::erpnext.projects.doctype.project.project.collect_project_status)
2025-02-28 13:00:25,290 home-dell-kalaerp:default: Job OK (kalaerp::scheduled_job::erpnext.projects.doctype.project.project.collect_project_status)
2025-02-28 13:00:25,291 Result is kept for 600 seconds
2025-02-28 13:00:25,310 home-dell-kalaerp:default: frappe.utils.background_jobs.execute_job(event=None, is_async=True, job_name='frappe.core.doctype.scheduled_job_type.scheduled_job_type.run_scheduled_jo..., kwargs={'job_type': 'frappe.desk.page.backups.backups.delete_downloadable_backups'..., method='frappe.core.doctype.scheduled_job_type.scheduled_job_type.run_scheduled_jo..., site='kalaerp', user='Administrator') (kalaerp::scheduled_job::frappe.desk.page.backups.backups.delete_downloadable_backups)
2025-02-28 13:00:26,224 home-dell-kalaerp:default: Job OK (kalaerp::scheduled_job::frappe.desk.page.backups.backups.delete_downloadable_backups)
2025-02-28 13:00:26,224 Result is kept for 600 seconds
2025-02-28 13:00:26,241 home-dell-kalaerp:default: frappe.utils.background_jobs.execute_job(event=None, is_async=True, job_name='frappe.core.doctype.scheduled_job_type.scheduled_job_type.run_scheduled_jo..., kwargs={'job_type': 'frappe.utils.global_search.sync_global_search'}, method='frappe.core.doctype.scheduled_job_type.scheduled_job_type.run_scheduled_jo..., site='kalaerp', user='Administrator') (kalaerp::scheduled_job::frappe.utils.global_search.sync_global_search)
2025-02-28 13:00:27,071 home-dell-kalaerp:default: Job OK (kalaerp::scheduled_job::frappe.utils.global_search.sync_global_search)
2025-02-28 13:00:27,072 Result is kept for 600 seconds
2025-02-28 13:00:27,092 home-dell-kalaerp:default: frappe.utils.background_jobs.execute_job(event=None, is_async=True, job_name='frappe.core.doctype.scheduled_job_type.scheduled_job_type.run_scheduled_jo..., kwargs={'job_type': 'erpnext.erpnext_integrations.doctype.plaid_settings.plaid_set..., method='frappe.core.doctype.scheduled_job_type.scheduled_job_type.run_scheduled_jo..., site='kalaerp', user='Administrator') (kalaerp::scheduled_job::erpnext.erpnext_integrations.doctype.plaid_settings.plaid_settings.automatic_synchronization)
2025-02-28 13:00:27,979 home-dell-kalaerp:default: Job OK (kalaerp::scheduled_job::erpnext.erpnext_integrations.doctype.plaid_settings.plaid_settings.automatic_synchronization)
2025-02-28 13:00:27,979 Result is kept for 600 seconds
2025-02-28 13:00:27,994 home-dell-kalaerp:default: frappe.utils.background_jobs.execute_job(event=None, is_async=True, job_name='frappe.core.doctype.scheduled_job_type.scheduled_job_type.run_scheduled_jo..., kwargs={'job_type': 'frappe.integrations.doctype.google_calendar.google_calendar.s..., method='frappe.core.doctype.scheduled_job_type.scheduled_job_type.run_scheduled_jo..., site='kalaerp', user='Administrator') (kalaerp::scheduled_job::frappe.integrations.doctype.google_calendar.google_calendar.sync)
2025-02-28 13:00:29,483 home-dell-kalaerp:default: Job OK (kalaerp::scheduled_job::frappe.integrations.doctype.google_calendar.google_calendar.sync)
2025-02-28 13:00:29,483 Result is kept for 600 seconds
2025-02-28 13:00:29,536 home-dell-kalaerp:default: frappe.utils.background_jobs.execute_job(event=None, is_async=True, job_name='frappe.core.doctype.scheduled_job_type.scheduled_job_type.run_scheduled_jo..., kwargs={'job_type': 'hrms.hr.doctype.interview.interview.send_interview_reminder'}, method='frappe.core.doctype.scheduled_job_type.scheduled_job_type.run_scheduled_jo..., site='kalaerp', user='Administrator') (kalaerp::scheduled_job::hrms.hr.doctype.interview.interview.send_interview_reminder)
2025-02-28 13:00:30,341 home-dell-kalaerp:default: Job OK (kalaerp::scheduled_job::hrms.hr.doctype.interview.interview.send_interview_reminder)
2025-02-28 13:00:30,341 Result is kept for 600 seconds
2025-02-28 13:00:30,358 home-dell-kalaerp:default: frappe.utils.background_jobs.execute_job(event=None, is_async=True, job_name='frappe.core.doctype.scheduled_job_type.scheduled_job_type.run_scheduled_jo..., kwargs={'job_type': 'erpnext.projects.doctype.project.project.project_status_updat..., method='frappe.core.doctype.scheduled_job_type.scheduled_job_type.run_scheduled_jo..., site='kalaerp', user='Administrator') (kalaerp::scheduled_job::erpnext.projects.doctype.project.project.project_status_update_reminder)
2025-02-28 13:00:31,192 home-dell-kalaerp:default: Job OK (kalaerp::scheduled_job::erpnext.projects.doctype.project.project.project_status_update_reminder)
2025-02-28 13:00:31,192 Result is kept for 600 seconds
2025-02-28 13:02:10,673 home-dell-kalaerp:long: frappe.utils.background_jobs.execute_job(event=None, is_async=True, job_name='frappe.core.doctype.scheduled_job_type.scheduled_job_type.run_scheduled_jo..., kwargs={'job_type': 'erpnext.utilities.bulk_transaction.retry'}, method='frappe.core.doctype.scheduled_job_type.scheduled_job_type.run_scheduled_jo..., site='kalaerp', user='Administrator') (kalaerp::scheduled_job::erpnext.utilities.bulk_transaction.retry)
2025-02-28 13:02:11,530 home-dell-kalaerp:long: Job OK (kalaerp::scheduled_job::erpnext.utilities.bulk_transaction.retry)
2025-02-28 13:02:11,530 Result is kept for 600 seconds
2025-02-28 13:03:11,441 home-dell-kalaerp:long: frappe.utils.background_jobs.execute_job(event=None, is_async=True, job_name='frappe.core.doctype.scheduled_job_type.scheduled_job_type.run_scheduled_jo..., kwargs={'job_type': 'hrms.hr.doctype.shift_schedule_assignment.shift_schedule_assi..., method='frappe.core.doctype.scheduled_job_type.scheduled_job_type.run_scheduled_jo..., site='kalaerp', user='Administrator') (kalaerp::scheduled_job::hrms.hr.doctype.shift_schedule_assignment.shift_schedule_assignment.process_auto_shift_creation)
2025-02-28 13:03:12,305 home-dell-kalaerp:long: Job OK (kalaerp::scheduled_job::hrms.hr.doctype.shift_schedule_assignment.shift_schedule_assignment.process_auto_shift_creation)
2025-02-28 13:03:12,305 Result is kept for 600 seconds
2025-02-28 13:03:12,323 home-dell-kalaerp:long: frappe.utils.background_jobs.execute_job(event=None, is_async=True, job_name='frappe.core.doctype.scheduled_job_type.scheduled_job_type.run_scheduled_jo..., kwargs={'job_type': 'hrms.hr.doctype.shift_type.shift_type.process_auto_attendance..., method='frappe.core.doctype.scheduled_job_type.scheduled_job_type.run_scheduled_jo..., site='kalaerp', user='Administrator') (kalaerp::scheduled_job::hrms.hr.doctype.shift_type.shift_type.process_auto_attendance_for_all_shifts)
2025-02-28 13:03:13,271 home-dell-kalaerp:long: Job OK (kalaerp::scheduled_job::hrms.hr.doctype.shift_type.shift_type.process_auto_attendance_for_all_shifts)
2025-02-28 13:03:13,271 Result is kept for 600 seconds
2025-02-28 13:03:13,290 home-dell-kalaerp:long: frappe.utils.background_jobs.execute_job(event=None, is_async=True, job_name='frappe.core.doctype.scheduled_job_type.scheduled_job_type.run_scheduled_jo..., kwargs={'job_type': 'erpnext.stock.doctype.repost_item_valuation.repost_item_valua..., method='frappe.core.doctype.scheduled_job_type.scheduled_job_type.run_scheduled_jo..., site='kalaerp', user='Administrator') (kalaerp::scheduled_job::erpnext.stock.doctype.repost_item_valuation.repost_item_valuation.repost_entries)
2025-02-28 13:03:14,231 home-dell-kalaerp:long: Job OK (kalaerp::scheduled_job::erpnext.stock.doctype.repost_item_valuation.repost_item_valuation.repost_entries)
2025-02-28 13:03:14,231 Result is kept for 600 seconds
2025-02-28 13:04:12,087 home-dell-kalaerp:default: frappe.utils.background_jobs.execute_job(event=None, is_async=True, job_name='frappe.core.doctype.scheduled_job_type.scheduled_job_type.run_scheduled_jo..., kwargs={'job_type': 'hrms.hr.doctype.interview.interview.send_interview_reminder'}, method='frappe.core.doctype.scheduled_job_type.scheduled_job_type.run_scheduled_jo..., site='kalaerp', user='Administrator') (kalaerp::scheduled_job::hrms.hr.doctype.interview.interview.send_interview_reminder)
2025-02-28 13:04:12,805 home-dell-kalaerp:default: Job OK (kalaerp::scheduled_job::hrms.hr.doctype.interview.interview.send_interview_reminder)
2025-02-28 13:04:12,806 Result is kept for 600 seconds
2025-02-28 13:04:12,826 home-dell-kalaerp:default: frappe.utils.background_jobs.execute_job(event=None, is_async=True, job_name='frappe.core.doctype.scheduled_job_type.scheduled_job_type.run_scheduled_jo..., kwargs={'job_type': 'frappe.email.queue.flush'}, method='frappe.core.doctype.scheduled_job_type.scheduled_job_type.run_scheduled_jo..., site='kalaerp', user='Administrator') (kalaerp::scheduled_job::frappe.email.queue.flush)
2025-02-28 13:04:13,765 home-dell-kalaerp:default: Job OK (kalaerp::scheduled_job::frappe.email.queue.flush)
2025-02-28 13:04:13,765 Result is kept for 600 seconds
2025-02-28 13:04:13,784 home-dell-kalaerp:default: frappe.utils.background_jobs.execute_job(event=None, is_async=True, job_name='frappe.core.doctype.scheduled_job_type.scheduled_job_type.run_scheduled_jo..., kwargs={'job_type': 'frappe.monitor.flush'}, method='frappe.core.doctype.scheduled_job_type.scheduled_job_type.run_scheduled_jo..., site='kalaerp', user='Administrator') (kalaerp::scheduled_job::frappe.monitor.flush)
2025-02-28 13:04:14,453 home-dell-kalaerp:default: Job OK (kalaerp::scheduled_job::frappe.monitor.flush)
2025-02-28 13:04:14,453 Result is kept for 600 seconds
2025-02-28 13:05:13,311 home-dell-kalaerp:long: frappe.utils.background_jobs.execute_job(event=None, is_async=True, job_name='frappe.core.doctype.scheduled_job_type.scheduled_job_type.run_scheduled_jo..., kwargs={'job_type': 'hrms.hr.doctype.shift_type.shift_type.update_last_sync_of_che..., method='frappe.core.doctype.scheduled_job_type.scheduled_job_type.run_scheduled_jo..., site='kalaerp', user='Administrator') (kalaerp::scheduled_job::hrms.hr.doctype.shift_type.shift_type.update_last_sync_of_checkin)
2025-02-28 13:05:14,123 home-dell-kalaerp:long: Job OK (kalaerp::scheduled_job::hrms.hr.doctype.shift_type.shift_type.update_last_sync_of_checkin)
2025-02-28 13:05:14,123 Result is kept for 600 seconds
2025-02-28 13:08:15,774 home-dell-kalaerp:default: frappe.utils.background_jobs.execute_job(event=None, is_async=True, job_name='frappe.core.doctype.scheduled_job_type.scheduled_job_type.run_scheduled_jo..., kwargs={'job_type': 'frappe.email.queue.flush'}, method='frappe.core.doctype.scheduled_job_type.scheduled_job_type.run_scheduled_jo..., site='kalaerp', user='Administrator') (kalaerp::scheduled_job::frappe.email.queue.flush)
2025-02-28 13:08:16,749 home-dell-kalaerp:default: Job OK (kalaerp::scheduled_job::frappe.email.queue.flush)
2025-02-28 13:08:16,749 Result is kept for 600 seconds
2025-02-28 13:08:16,767 home-dell-kalaerp:default: frappe.utils.background_jobs.execute_job(event=None, is_async=True, job_name='frappe.core.doctype.scheduled_job_type.scheduled_job_type.run_scheduled_jo..., kwargs={'job_type': 'hrms.hr.doctype.interview.interview.send_interview_reminder'}, method='frappe.core.doctype.scheduled_job_type.scheduled_job_type.run_scheduled_jo..., site='kalaerp', user='Administrator') (kalaerp::scheduled_job::hrms.hr.doctype.interview.interview.send_interview_reminder)
2025-02-28 13:08:17,398 home-dell-kalaerp:default: Job OK (kalaerp::scheduled_job::hrms.hr.doctype.interview.interview.send_interview_reminder)
2025-02-28 13:08:17,398 Result is kept for 600 seconds
2025-02-28 13:08:17,415 home-dell-kalaerp:default: frappe.utils.background_jobs.execute_job(event=None, is_async=True, job_name='frappe.core.doctype.scheduled_job_type.scheduled_job_type.run_scheduled_jo..., kwargs={'job_type': 'frappe.monitor.flush'}, method='frappe.core.doctype.scheduled_job_type.scheduled_job_type.run_scheduled_jo..., site='kalaerp', user='Administrator') (kalaerp::scheduled_job::frappe.monitor.flush)
2025-02-28 13:08:18,030 home-dell-kalaerp:default: Job OK (kalaerp::scheduled_job::frappe.monitor.flush)
2025-02-28 13:08:18,030 Result is kept for 600 seconds
2025-02-28 13:10:17,541 home-dell-kalaerp:default: frappe.utils.background_jobs.execute_job(event=None, is_async=True, job_name='frappe.core.doctype.scheduled_job_type.scheduled_job_type.run_scheduled_jo..., kwargs={'job_type': 'frappe.email.doctype.email_account.email_account.pull'}, method='frappe.core.doctype.scheduled_job_type.scheduled_job_type.run_scheduled_jo..., site='kalaerp', user='Administrator') (kalaerp::scheduled_job::frappe.email.doctype.email_account.email_account.pull)
2025-02-28 13:10:18,367 home-dell-kalaerp:default: Job OK (kalaerp::scheduled_job::frappe.email.doctype.email_account.email_account.pull)
2025-02-28 13:10:18,367 Result is kept for 600 seconds
2025-02-28 13:12:19,593 home-dell-kalaerp:default: frappe.utils.background_jobs.execute_job(event=None, is_async=True, job_name='frappe.core.doctype.scheduled_job_type.scheduled_job_type.run_scheduled_jo..., kwargs={'job_type': 'hrms.hr.doctype.interview.interview.send_interview_reminder'}, method='frappe.core.doctype.scheduled_job_type.scheduled_job_type.run_scheduled_jo..., site='kalaerp', user='Administrator') (kalaerp::scheduled_job::hrms.hr.doctype.interview.interview.send_interview_reminder)
2025-02-28 13:12:20,240 home-dell-kalaerp:default: Job OK (kalaerp::scheduled_job::hrms.hr.doctype.interview.interview.send_interview_reminder)
2025-02-28 13:12:20,240 Result is kept for 600 seconds
2025-02-28 13:12:20,256 home-dell-kalaerp:default: frappe.utils.background_jobs.execute_job(event=None, is_async=True, job_name='frappe.core.doctype.scheduled_job_type.scheduled_job_type.run_scheduled_jo..., kwargs={'job_type': 'frappe.monitor.flush'}, method='frappe.core.doctype.scheduled_job_type.scheduled_job_type.run_scheduled_jo..., site='kalaerp', user='Administrator') (kalaerp::scheduled_job::frappe.monitor.flush)
2025-02-28 13:12:20,901 home-dell-kalaerp:default: Job OK (kalaerp::scheduled_job::frappe.monitor.flush)
2025-02-28 13:12:20,902 Result is kept for 600 seconds
2025-02-28 13:12:20,918 home-dell-kalaerp:default: frappe.utils.background_jobs.execute_job(event=None, is_async=True, job_name='frappe.core.doctype.scheduled_job_type.scheduled_job_type.run_scheduled_jo..., kwargs={'job_type': 'frappe.email.queue.flush'}, method='frappe.core.doctype.scheduled_job_type.scheduled_job_type.run_scheduled_jo..., site='kalaerp', user='Administrator') (kalaerp::scheduled_job::frappe.email.queue.flush)
2025-02-28 13:12:21,793 home-dell-kalaerp:default: Job OK (kalaerp::scheduled_job::frappe.email.queue.flush)
2025-02-28 13:12:21,793 Result is kept for 600 seconds
2025-02-28 13:15:21,837 home-dell-kalaerp:default: frappe.utils.background_jobs.execute_job(event=None, is_async=True, job_name='frappe.core.doctype.scheduled_job_type.scheduled_job_type.run_scheduled_jo..., kwargs={'job_type': 'frappe.utils.global_search.sync_global_search'}, method='frappe.core.doctype.scheduled_job_type.scheduled_job_type.run_scheduled_jo..., site='kalaerp', user='Administrator') (kalaerp::scheduled_job::frappe.utils.global_search.sync_global_search)
2025-02-28 13:15:22,558 home-dell-kalaerp:default: Job OK (kalaerp::scheduled_job::frappe.utils.global_search.sync_global_search)
2025-02-28 13:15:22,558 Result is kept for 600 seconds
2025-02-28 13:15:22,575 home-dell-kalaerp:default: frappe.utils.background_jobs.execute_job(event=None, is_async=True, job_name='frappe.core.doctype.scheduled_job_type.scheduled_job_type.run_scheduled_jo..., kwargs={'job_type': 'erpnext.manufacturing.doctype.bom_update_log.bom_update_log.r..., method='frappe.core.doctype.scheduled_job_type.scheduled_job_type.run_scheduled_jo..., site='kalaerp', user='Administrator') (kalaerp::scheduled_job::erpnext.manufacturing.doctype.bom_update_log.bom_update_log.resume_bom_cost_update_jobs)
2025-02-28 13:15:23,282 home-dell-kalaerp:default: Job OK (kalaerp::scheduled_job::erpnext.manufacturing.doctype.bom_update_log.bom_update_log.resume_bom_cost_update_jobs)
2025-02-28 13:15:23,283 Result is kept for 600 seconds
2025-02-28 13:15:23,299 home-dell-kalaerp:default: frappe.utils.background_jobs.execute_job(event=None, is_async=True, job_name='frappe.core.doctype.scheduled_job_type.scheduled_job_type.run_scheduled_jo..., kwargs={'job_type': 'frappe.email.doctype.email_account.email_account.notify_unrep..., method='frappe.core.doctype.scheduled_job_type.scheduled_job_type.run_scheduled_jo..., site='kalaerp', user='Administrator') (kalaerp::scheduled_job::frappe.email.doctype.email_account.email_account.notify_unreplied)
2025-02-28 13:15:23,977 home-dell-kalaerp:default: Job OK (kalaerp::scheduled_job::frappe.email.doctype.email_account.email_account.notify_unreplied)
2025-02-28 13:15:23,978 Result is kept for 600 seconds
2025-02-28 13:15:23,996 home-dell-kalaerp:default: frappe.utils.background_jobs.execute_job(event=None, is_async=True, job_name='frappe.core.doctype.scheduled_job_type.scheduled_job_type.run_scheduled_jo..., kwargs={'job_type': 'frappe.website.doctype.web_page.web_page.check_publish_status..., method='frappe.core.doctype.scheduled_job_type.scheduled_job_type.run_scheduled_jo..., site='kalaerp', user='Administrator') (kalaerp::scheduled_job::frappe.website.doctype.web_page.web_page.check_publish_status)
2025-02-28 13:15:24,846 home-dell-kalaerp:default: Job OK (kalaerp::scheduled_job::frappe.website.doctype.web_page.web_page.check_publish_status)
2025-02-28 13:15:24,846 Result is kept for 600 seconds
2025-02-28 13:15:24,863 home-dell-kalaerp:default: frappe.utils.background_jobs.execute_job(event=None, is_async=True, job_name='frappe.core.doctype.scheduled_job_type.scheduled_job_type.run_scheduled_jo..., kwargs={'job_type': 'frappe.oauth.delete_oauth2_data'}, method='frappe.core.doctype.scheduled_job_type.scheduled_job_type.run_scheduled_jo..., site='kalaerp', user='Administrator') (kalaerp::scheduled_job::frappe.oauth.delete_oauth2_data)
2025-02-28 13:15:25,541 home-dell-kalaerp:default: Job OK (kalaerp::scheduled_job::frappe.oauth.delete_oauth2_data)
2025-02-28 13:15:25,541 Result is kept for 600 seconds
2025-02-28 13:15:25,558 home-dell-kalaerp:default: frappe.utils.background_jobs.execute_job(event=None, is_async=True, job_name='frappe.core.doctype.scheduled_job_type.scheduled_job_type.run_scheduled_jo..., kwargs={'job_type': 'frappe.automation.doctype.reminder.reminder.send_reminders'}, method='frappe.core.doctype.scheduled_job_type.scheduled_job_type.run_scheduled_jo..., site='kalaerp', user='Administrator') (kalaerp::scheduled_job::frappe.automation.doctype.reminder.reminder.send_reminders)
2025-02-28 13:15:26,214 home-dell-kalaerp:default: Job OK (kalaerp::scheduled_job::frappe.automation.doctype.reminder.reminder.send_reminders)
2025-02-28 13:15:26,214 Result is kept for 600 seconds
2025-02-28 13:15:26,230 home-dell-kalaerp:default: frappe.utils.background_jobs.execute_job(event=None, is_async=True, job_name='frappe.core.doctype.scheduled_job_type.scheduled_job_type.run_scheduled_jo..., kwargs={'job_type': 'frappe.twofactor.delete_all_barcodes_for_users'}, method='frappe.core.doctype.scheduled_job_type.scheduled_job_type.run_scheduled_jo..., site='kalaerp', user='Administrator') (kalaerp::scheduled_job::frappe.twofactor.delete_all_barcodes_for_users)
2025-02-28 13:15:26,866 home-dell-kalaerp:default: Job OK (kalaerp::scheduled_job::frappe.twofactor.delete_all_barcodes_for_users)
2025-02-28 13:15:26,866 Result is kept for 600 seconds
2025-02-28 13:15:26,883 home-dell-kalaerp:default: frappe.utils.background_jobs.execute_job(event=None, is_async=True, job_name='frappe.core.doctype.scheduled_job_type.scheduled_job_type.run_scheduled_jo..., kwargs={'job_type': 'frappe.deferred_insert.save_to_db'}, method='frappe.core.doctype.scheduled_job_type.scheduled_job_type.run_scheduled_jo..., site='kalaerp', user='Administrator') (kalaerp::scheduled_job::frappe.deferred_insert.save_to_db)
2025-02-28 13:15:27,500 home-dell-kalaerp:default: Job OK (kalaerp::scheduled_job::frappe.deferred_insert.save_to_db)
2025-02-28 13:15:27,500 Result is kept for 600 seconds
2025-02-28 13:16:22,654 home-dell-kalaerp:default: frappe.utils.background_jobs.execute_job(event=None, is_async=True, job_name='frappe.core.doctype.scheduled_job_type.scheduled_job_type.run_scheduled_jo..., kwargs={'job_type': 'frappe.email.queue.flush'}, method='frappe.core.doctype.scheduled_job_type.scheduled_job_type.run_scheduled_jo..., site='kalaerp', user='Administrator') (kalaerp::scheduled_job::frappe.email.queue.flush)
2025-02-28 13:16:23,619 home-dell-kalaerp:default: Job OK (kalaerp::scheduled_job::frappe.email.queue.flush)
2025-02-28 13:16:23,619 Result is kept for 600 seconds
2025-02-28 13:16:23,637 home-dell-kalaerp:default: frappe.utils.background_jobs.execute_job(event=None, is_async=True, job_name='frappe.core.doctype.scheduled_job_type.scheduled_job_type.run_scheduled_jo..., kwargs={'job_type': 'frappe.monitor.flush'}, method='frappe.core.doctype.scheduled_job_type.scheduled_job_type.run_scheduled_jo..., site='kalaerp', user='Administrator') (kalaerp::scheduled_job::frappe.monitor.flush)
2025-02-28 13:16:24,294 home-dell-kalaerp:default: Job OK (kalaerp::scheduled_job::frappe.monitor.flush)
2025-02-28 13:16:24,295 Result is kept for 600 seconds
2025-02-28 13:16:24,311 home-dell-kalaerp:default: frappe.utils.background_jobs.execute_job(event=None, is_async=True, job_name='frappe.core.doctype.scheduled_job_type.scheduled_job_type.run_scheduled_jo..., kwargs={'job_type': 'hrms.hr.doctype.interview.interview.send_interview_reminder'}, method='frappe.core.doctype.scheduled_job_type.scheduled_job_type.run_scheduled_jo..., site='kalaerp', user='Administrator') (kalaerp::scheduled_job::hrms.hr.doctype.interview.interview.send_interview_reminder)
2025-02-28 13:16:24,938 home-dell-kalaerp:default: Job OK (kalaerp::scheduled_job::hrms.hr.doctype.interview.interview.send_interview_reminder)
2025-02-28 13:16:24,939 Result is kept for 600 seconds
2025-02-28 13:20:26,203 home-dell-kalaerp:default: frappe.utils.background_jobs.execute_job(event=None, is_async=True, job_name='frappe.core.doctype.scheduled_job_type.scheduled_job_type.run_scheduled_jo..., kwargs={'job_type': 'frappe.monitor.flush'}, method='frappe.core.doctype.scheduled_job_type.scheduled_job_type.run_scheduled_jo..., site='kalaerp', user='Administrator') (kalaerp::scheduled_job::frappe.monitor.flush)
2025-02-28 13:20:26,888 home-dell-kalaerp:default: Job OK (kalaerp::scheduled_job::frappe.monitor.flush)
2025-02-28 13:20:26,888 Result is kept for 600 seconds
2025-02-28 13:20:26,902 Cleaning registries for queue: home-dell-kalaerp:short
2025-02-28 13:20:26,906 Cleaning registries for queue: home-dell-kalaerp:default
2025-02-28 13:20:26,909 Cleaning registries for queue: home-dell-kalaerp:long
2025-02-28 13:20:26,914 home-dell-kalaerp:default: frappe.utils.background_jobs.execute_job(event=None, is_async=True, job_name='frappe.core.doctype.scheduled_job_type.scheduled_job_type.run_scheduled_jo..., kwargs={'job_type': 'frappe.email.queue.flush'}, method='frappe.core.doctype.scheduled_job_type.scheduled_job_type.run_scheduled_jo..., site='kalaerp', user='Administrator') (kalaerp::scheduled_job::frappe.email.queue.flush)
2025-02-28 13:20:27,808 home-dell-kalaerp:default: Job OK (kalaerp::scheduled_job::frappe.email.queue.flush)
2025-02-28 13:20:27,809 Result is kept for 600 seconds
2025-02-28 13:20:27,827 home-dell-kalaerp:default: frappe.utils.background_jobs.execute_job(event=None, is_async=True, job_name='frappe.core.doctype.scheduled_job_type.scheduled_job_type.run_scheduled_jo..., kwargs={'job_type': 'hrms.hr.doctype.interview.interview.send_interview_reminder'}, method='frappe.core.doctype.scheduled_job_type.scheduled_job_type.run_scheduled_jo..., site='kalaerp', user='Administrator') (kalaerp::scheduled_job::hrms.hr.doctype.interview.interview.send_interview_reminder)
2025-02-28 13:20:28,456 home-dell-kalaerp:default: Job OK (kalaerp::scheduled_job::hrms.hr.doctype.interview.interview.send_interview_reminder)
2025-02-28 13:20:28,457 Result is kept for 600 seconds
2025-02-28 13:20:28,473 home-dell-kalaerp:default: frappe.utils.background_jobs.execute_job(event=None, is_async=True, job_name='frappe.core.doctype.scheduled_job_type.scheduled_job_type.run_scheduled_jo..., kwargs={'job_type': 'frappe.email.doctype.email_account.email_account.pull'}, method='frappe.core.doctype.scheduled_job_type.scheduled_job_type.run_scheduled_jo..., site='kalaerp', user='Administrator') (kalaerp::scheduled_job::frappe.email.doctype.email_account.email_account.pull)
2025-02-28 13:20:29,190 home-dell-kalaerp:default: Job OK (kalaerp::scheduled_job::frappe.email.doctype.email_account.email_account.pull)
2025-02-28 13:20:29,191 Result is kept for 600 seconds
2025-02-28 13:56:23,063 Cleaning registries for queue: home-dell-kalaerp:short
2025-02-28 13:56:23,074 Cleaning registries for queue: home-dell-kalaerp:default
2025-02-28 13:56:23,084 Cleaning registries for queue: home-dell-kalaerp:long
2025-02-28 13:56:36,325 home-dell-kalaerp:default: frappe.utils.background_jobs.execute_job(event=None, is_async=True, job_name='frappe.core.doctype.scheduled_job_type.scheduled_job_type.run_scheduled_jo..., kwargs={'job_type': 'hrms.hr.doctype.interview.interview.send_interview_reminder'}, method='frappe.core.doctype.scheduled_job_type.scheduled_job_type.run_scheduled_jo..., site='kalaerp', user='Administrator') (kalaerp::scheduled_job::hrms.hr.doctype.interview.interview.send_interview_reminder)
2025-02-28 13:56:36,531 home-dell-kalaerp:default: Job OK (kalaerp::scheduled_job::hrms.hr.doctype.interview.interview.send_interview_reminder)
2025-02-28 13:56:36,531 Result is kept for 600 seconds
2025-02-28 13:56:36,540 home-dell-kalaerp:default: frappe.utils.background_jobs.execute_job(event=None, is_async=True, job_name='frappe.core.doctype.scheduled_job_type.scheduled_job_type.run_scheduled_jo..., kwargs={'job_type': 'frappe.automation.doctype.reminder.reminder.send_reminders'}, method='frappe.core.doctype.scheduled_job_type.scheduled_job_type.run_scheduled_jo..., site='kalaerp', user='Administrator') (kalaerp::scheduled_job::frappe.automation.doctype.reminder.reminder.send_reminders)
2025-02-28 13:56:36,868 home-dell-kalaerp:default: Job OK (kalaerp::scheduled_job::frappe.automation.doctype.reminder.reminder.send_reminders)
2025-02-28 13:56:36,869 Result is kept for 600 seconds
2025-02-28 13:56:36,874 home-dell-kalaerp:default: frappe.utils.background_jobs.execute_job(event=None, is_async=True, job_name='frappe.core.doctype.scheduled_job_type.scheduled_job_type.run_scheduled_jo..., kwargs={'job_type': 'erpnext.manufacturing.doctype.bom_update_log.bom_update_log.r..., method='frappe.core.doctype.scheduled_job_type.scheduled_job_type.run_scheduled_jo..., site='kalaerp', user='Administrator') (kalaerp::scheduled_job::erpnext.manufacturing.doctype.bom_update_log.bom_update_log.resume_bom_cost_update_jobs)
2025-02-28 13:56:37,086 home-dell-kalaerp:default: Job OK (kalaerp::scheduled_job::erpnext.manufacturing.doctype.bom_update_log.bom_update_log.resume_bom_cost_update_jobs)
2025-02-28 13:56:37,086 Result is kept for 600 seconds
2025-02-28 13:56:37,093 home-dell-kalaerp:default: frappe.utils.background_jobs.execute_job(event=None, is_async=True, job_name='frappe.core.doctype.scheduled_job_type.scheduled_job_type.run_scheduled_jo..., kwargs={'job_type': 'frappe.deferred_insert.save_to_db'}, method='frappe.core.doctype.scheduled_job_type.scheduled_job_type.run_scheduled_jo..., site='kalaerp', user='Administrator') (kalaerp::scheduled_job::frappe.deferred_insert.save_to_db)
2025-02-28 13:56:37,307 home-dell-kalaerp:default: Job OK (kalaerp::scheduled_job::frappe.deferred_insert.save_to_db)
2025-02-28 13:56:37,307 Result is kept for 600 seconds
2025-02-28 13:56:37,315 home-dell-kalaerp:default: frappe.utils.background_jobs.execute_job(event=None, is_async=True, job_name='frappe.core.doctype.scheduled_job_type.scheduled_job_type.run_scheduled_jo..., kwargs={'job_type': 'frappe.email.doctype.email_account.email_account.pull'}, method='frappe.core.doctype.scheduled_job_type.scheduled_job_type.run_scheduled_jo..., site='kalaerp', user='Administrator') (kalaerp::scheduled_job::frappe.email.doctype.email_account.email_account.pull)
2025-02-28 13:56:37,545 home-dell-kalaerp:default: Job OK (kalaerp::scheduled_job::frappe.email.doctype.email_account.email_account.pull)
2025-02-28 13:56:37,545 Result is kept for 600 seconds
2025-02-28 13:56:37,551 home-dell-kalaerp:default: frappe.utils.background_jobs.execute_job(event=None, is_async=True, job_name='frappe.core.doctype.scheduled_job_type.scheduled_job_type.run_scheduled_jo..., kwargs={'job_type': 'frappe.twofactor.delete_all_barcodes_for_users'}, method='frappe.core.doctype.scheduled_job_type.scheduled_job_type.run_scheduled_jo..., site='kalaerp', user='Administrator') (kalaerp::scheduled_job::frappe.twofactor.delete_all_barcodes_for_users)
2025-02-28 13:56:37,778 home-dell-kalaerp:default: Job OK (kalaerp::scheduled_job::frappe.twofactor.delete_all_barcodes_for_users)
2025-02-28 13:56:37,778 Result is kept for 600 seconds
2025-02-28 13:56:37,784 home-dell-kalaerp:default: frappe.utils.background_jobs.execute_job(event=None, is_async=True, job_name='frappe.core.doctype.scheduled_job_type.scheduled_job_type.run_scheduled_jo..., kwargs={'job_type': 'frappe.website.doctype.web_page.web_page.check_publish_status..., method='frappe.core.doctype.scheduled_job_type.scheduled_job_type.run_scheduled_jo..., site='kalaerp', user='Administrator') (kalaerp::scheduled_job::frappe.website.doctype.web_page.web_page.check_publish_status)
2025-02-28 13:56:38,049 home-dell-kalaerp:default: Job OK (kalaerp::scheduled_job::frappe.website.doctype.web_page.web_page.check_publish_status)
2025-02-28 13:56:38,049 Result is kept for 600 seconds
2025-02-28 13:56:38,055 home-dell-kalaerp:default: frappe.utils.background_jobs.execute_job(event=None, is_async=True, job_name='frappe.core.doctype.scheduled_job_type.scheduled_job_type.run_scheduled_jo..., kwargs={'job_type': 'frappe.oauth.delete_oauth2_data'}, method='frappe.core.doctype.scheduled_job_type.scheduled_job_type.run_scheduled_jo..., site='kalaerp', user='Administrator') (kalaerp::scheduled_job::frappe.oauth.delete_oauth2_data)
2025-02-28 13:56:38,284 home-dell-kalaerp:default: Job OK (kalaerp::scheduled_job::frappe.oauth.delete_oauth2_data)
2025-02-28 13:56:38,284 Result is kept for 600 seconds
2025-02-28 13:56:38,289 home-dell-kalaerp:default: frappe.utils.background_jobs.execute_job(event=None, is_async=True, job_name='frappe.core.doctype.scheduled_job_type.scheduled_job_type.run_scheduled_jo..., kwargs={'job_type': 'erpnext.utilities.doctype.video.video.update_youtube_data'}, method='frappe.core.doctype.scheduled_job_type.scheduled_job_type.run_scheduled_jo..., site='kalaerp', user='Administrator') (kalaerp::scheduled_job::erpnext.utilities.doctype.video.video.update_youtube_data)
2025-02-28 13:56:38,590 home-dell-kalaerp:default: Job OK (kalaerp::scheduled_job::erpnext.utilities.doctype.video.video.update_youtube_data)
2025-02-28 13:56:38,590 Result is kept for 600 seconds
2025-02-28 13:56:38,596 home-dell-kalaerp:default: frappe.utils.background_jobs.execute_job(event=None, is_async=True, job_name='frappe.core.doctype.scheduled_job_type.scheduled_job_type.run_scheduled_jo..., kwargs={'job_type': 'frappe.core.doctype.prepared_report.prepared_report.expire_st..., method='frappe.core.doctype.scheduled_job_type.scheduled_job_type.run_scheduled_jo..., site='kalaerp', user='Administrator') (kalaerp::scheduled_job::frappe.core.doctype.prepared_report.prepared_report.expire_stalled_report)
2025-02-28 13:56:38,808 home-dell-kalaerp:default: Job OK (kalaerp::scheduled_job::frappe.core.doctype.prepared_report.prepared_report.expire_stalled_report)
2025-02-28 13:56:38,808 Result is kept for 600 seconds
2025-02-28 13:56:38,814 home-dell-kalaerp:default: frappe.utils.background_jobs.execute_job(event=None, is_async=True, job_name='frappe.core.doctype.scheduled_job_type.scheduled_job_type.run_scheduled_jo..., kwargs={'job_type': 'frappe.monitor.flush'}, method='frappe.core.doctype.scheduled_job_type.scheduled_job_type.run_scheduled_jo..., site='kalaerp', user='Administrator') (kalaerp::scheduled_job::frappe.monitor.flush)
2025-02-28 13:56:39,002 home-dell-kalaerp:default: Job OK (kalaerp::scheduled_job::frappe.monitor.flush)
2025-02-28 13:56:39,002 Result is kept for 600 seconds
2025-02-28 13:56:39,007 home-dell-kalaerp:default: frappe.utils.background_jobs.execute_job(event=None, is_async=True, job_name='frappe.core.doctype.scheduled_job_type.scheduled_job_type.run_scheduled_jo..., kwargs={'job_type': 'frappe.utils.global_search.sync_global_search'}, method='frappe.core.doctype.scheduled_job_type.scheduled_job_type.run_scheduled_jo..., site='kalaerp', user='Administrator') (kalaerp::scheduled_job::frappe.utils.global_search.sync_global_search)
2025-02-28 13:56:39,225 home-dell-kalaerp:default: Job OK (kalaerp::scheduled_job::frappe.utils.global_search.sync_global_search)
2025-02-28 13:56:39,225 Result is kept for 600 seconds
2025-02-28 13:56:39,231 home-dell-kalaerp:default: frappe.utils.background_jobs.execute_job(event=None, is_async=True, job_name='frappe.core.doctype.scheduled_job_type.scheduled_job_type.run_scheduled_jo..., kwargs={'job_type': 'frappe.email.queue.flush'}, method='frappe.core.doctype.scheduled_job_type.scheduled_job_type.run_scheduled_jo..., site='kalaerp', user='Administrator') (kalaerp::scheduled_job::frappe.email.queue.flush)
2025-02-28 13:56:39,495 home-dell-kalaerp:default: Job OK (kalaerp::scheduled_job::frappe.email.queue.flush)
2025-02-28 13:56:39,495 Result is kept for 600 seconds
2025-02-28 13:56:39,501 home-dell-kalaerp:default: frappe.utils.background_jobs.execute_job(event=None, is_async=True, job_name='frappe.core.doctype.scheduled_job_type.scheduled_job_type.run_scheduled_jo..., kwargs={'job_type': 'erpnext.accounts.doctype.gl_entry.gl_entry.rename_gle_sle_doc..., method='frappe.core.doctype.scheduled_job_type.scheduled_job_type.run_scheduled_jo..., site='kalaerp', user='Administrator') (kalaerp::scheduled_job::erpnext.accounts.doctype.gl_entry.gl_entry.rename_gle_sle_docs)
2025-02-28 13:56:39,799 home-dell-kalaerp:default: Job OK (kalaerp::scheduled_job::erpnext.accounts.doctype.gl_entry.gl_entry.rename_gle_sle_docs)
2025-02-28 13:56:39,799 Result is kept for 600 seconds
2025-02-28 13:56:39,805 home-dell-kalaerp:default: frappe.utils.background_jobs.execute_job(event=None, is_async=True, job_name='frappe.core.doctype.scheduled_job_type.scheduled_job_type.run_scheduled_jo..., kwargs={'job_type': 'frappe.email.doctype.email_account.email_account.notify_unrep..., method='frappe.core.doctype.scheduled_job_type.scheduled_job_type.run_scheduled_jo..., site='kalaerp', user='Administrator') (kalaerp::scheduled_job::frappe.email.doctype.email_account.email_account.notify_unreplied)
2025-02-28 13:56:40,026 home-dell-kalaerp:default: Job OK (kalaerp::scheduled_job::frappe.email.doctype.email_account.email_account.notify_unreplied)
2025-02-28 13:56:40,026 Result is kept for 600 seconds
2025-02-28 14:00:37,592 home-dell-kalaerp:default: frappe.utils.background_jobs.execute_job(event=None, is_async=True, job_name='frappe.core.doctype.scheduled_job_type.scheduled_job_type.run_scheduled_jo..., kwargs={'job_type': 'hrms.hr.doctype.interview.interview.send_interview_reminder'}, method='frappe.core.doctype.scheduled_job_type.scheduled_job_type.run_scheduled_jo..., site='kalaerp', user='Administrator') (kalaerp::scheduled_job::hrms.hr.doctype.interview.interview.send_interview_reminder)
2025-02-28 14:00:37,799 home-dell-kalaerp:default: Job OK (kalaerp::scheduled_job::hrms.hr.doctype.interview.interview.send_interview_reminder)
2025-02-28 14:00:37,799 Result is kept for 600 seconds
2025-02-28 14:00:37,806 home-dell-kalaerp:default: frappe.utils.background_jobs.execute_job(event=None, is_async=True, job_name='frappe.core.doctype.scheduled_job_type.scheduled_job_type.run_scheduled_jo..., kwargs={'job_type': 'frappe.model.utils.link_count.update_link_count'}, method='frappe.core.doctype.scheduled_job_type.scheduled_job_type.run_scheduled_jo..., site='kalaerp', user='Administrator') (kalaerp::scheduled_job::frappe.model.utils.link_count.update_link_count)
2025-02-28 14:00:38,021 home-dell-kalaerp:default: Job OK (kalaerp::scheduled_job::frappe.model.utils.link_count.update_link_count)
2025-02-28 14:00:38,021 Result is kept for 600 seconds
2025-02-28 14:00:38,027 home-dell-kalaerp:default: frappe.utils.background_jobs.execute_job(event=None, is_async=True, job_name='frappe.core.doctype.scheduled_job_type.scheduled_job_type.run_scheduled_jo..., kwargs={'job_type': 'frappe.desk.page.backups.backups.delete_downloadable_backups'..., method='frappe.core.doctype.scheduled_job_type.scheduled_job_type.run_scheduled_jo..., site='kalaerp', user='Administrator') (kalaerp::scheduled_job::frappe.desk.page.backups.backups.delete_downloadable_backups)
2025-02-28 14:00:38,239 home-dell-kalaerp:default: Job OK (kalaerp::scheduled_job::frappe.desk.page.backups.backups.delete_downloadable_backups)
2025-02-28 14:00:38,239 Result is kept for 600 seconds
2025-02-28 14:00:38,245 home-dell-kalaerp:default: frappe.utils.background_jobs.execute_job(event=None, is_async=True, job_name='frappe.core.doctype.scheduled_job_type.scheduled_job_type.run_scheduled_jo..., kwargs={'job_type': 'frappe.desk.form.document_follow.send_hourly_updates'}, method='frappe.core.doctype.scheduled_job_type.scheduled_job_type.run_scheduled_jo..., site='kalaerp', user='Administrator') (kalaerp::scheduled_job::frappe.desk.form.document_follow.send_hourly_updates)
2025-02-28 14:00:38,463 home-dell-kalaerp:default: Job OK (kalaerp::scheduled_job::frappe.desk.form.document_follow.send_hourly_updates)
2025-02-28 14:00:38,463 Result is kept for 600 seconds
2025-02-28 14:00:38,468 home-dell-kalaerp:default: frappe.utils.background_jobs.execute_job(event=None, is_async=True, job_name='frappe.core.doctype.scheduled_job_type.scheduled_job_type.run_scheduled_jo..., kwargs={'job_type': 'frappe.model.utils.user_settings.sync_user_settings'}, method='frappe.core.doctype.scheduled_job_type.scheduled_job_type.run_scheduled_jo..., site='kalaerp', user='Administrator') (kalaerp::scheduled_job::frappe.model.utils.user_settings.sync_user_settings)
2025-02-28 14:00:38,680 home-dell-kalaerp:default: Job OK (kalaerp::scheduled_job::frappe.model.utils.user_settings.sync_user_settings)
2025-02-28 14:00:38,680 Result is kept for 600 seconds
2025-02-28 14:00:38,686 home-dell-kalaerp:default: frappe.utils.background_jobs.execute_job(event=None, is_async=True, job_name='frappe.core.doctype.scheduled_job_type.scheduled_job_type.run_scheduled_jo..., kwargs={'job_type': 'erpnext.utilities.doctype.video.video.update_youtube_data'}, method='frappe.core.doctype.scheduled_job_type.scheduled_job_type.run_scheduled_jo..., site='kalaerp', user='Administrator') (kalaerp::scheduled_job::erpnext.utilities.doctype.video.video.update_youtube_data)
2025-02-28 14:00:38,977 home-dell-kalaerp:default: Job OK (kalaerp::scheduled_job::erpnext.utilities.doctype.video.video.update_youtube_data)
2025-02-28 14:00:38,978 Result is kept for 600 seconds
2025-02-28 14:00:38,984 home-dell-kalaerp:default: frappe.utils.background_jobs.execute_job(event=None, is_async=True, job_name='frappe.core.doctype.scheduled_job_type.scheduled_job_type.run_scheduled_jo..., kwargs={'job_type': 'frappe.twofactor.delete_all_barcodes_for_users'}, method='frappe.core.doctype.scheduled_job_type.scheduled_job_type.run_scheduled_jo..., site='kalaerp', user='Administrator') (kalaerp::scheduled_job::frappe.twofactor.delete_all_barcodes_for_users)
2025-02-28 14:00:39,199 home-dell-kalaerp:default: Job OK (kalaerp::scheduled_job::frappe.twofactor.delete_all_barcodes_for_users)
2025-02-28 14:00:39,200 Result is kept for 600 seconds
2025-02-28 14:00:39,206 home-dell-kalaerp:default: frappe.utils.background_jobs.execute_job(event=None, is_async=True, job_name='frappe.core.doctype.scheduled_job_type.scheduled_job_type.run_scheduled_jo..., kwargs={'job_type': 'erpnext.projects.doctype.project.project.collect_project_stat..., method='frappe.core.doctype.scheduled_job_type.scheduled_job_type.run_scheduled_jo..., site='kalaerp', user='Administrator') (kalaerp::scheduled_job::erpnext.projects.doctype.project.project.collect_project_status)
2025-02-28 14:00:39,428 home-dell-kalaerp:default: Job OK (kalaerp::scheduled_job::erpnext.projects.doctype.project.project.collect_project_status)
2025-02-28 14:00:39,428 Result is kept for 600 seconds
2025-02-28 14:00:39,435 home-dell-kalaerp:default: frappe.utils.background_jobs.execute_job(event=None, is_async=True, job_name='frappe.core.doctype.scheduled_job_type.scheduled_job_type.run_scheduled_jo..., kwargs={'job_type': 'frappe.website.doctype.web_page.web_page.check_publish_status..., method='frappe.core.doctype.scheduled_job_type.scheduled_job_type.run_scheduled_jo..., site='kalaerp', user='Administrator') (kalaerp::scheduled_job::frappe.website.doctype.web_page.web_page.check_publish_status)
2025-02-28 14:00:39,698 home-dell-kalaerp:default: Job OK (kalaerp::scheduled_job::frappe.website.doctype.web_page.web_page.check_publish_status)
2025-02-28 14:00:39,698 Result is kept for 600 seconds
2025-02-28 14:00:39,704 home-dell-kalaerp:default: frappe.utils.background_jobs.execute_job(event=None, is_async=True, job_name='frappe.core.doctype.scheduled_job_type.scheduled_job_type.run_scheduled_jo..., kwargs={'job_type': 'erpnext.erpnext_integrations.doctype.plaid_settings.plaid_set..., method='frappe.core.doctype.scheduled_job_type.scheduled_job_type.run_scheduled_jo..., site='kalaerp', user='Administrator') (kalaerp::scheduled_job::erpnext.erpnext_integrations.doctype.plaid_settings.plaid_settings.automatic_synchronization)
2025-02-28 14:00:39,922 home-dell-kalaerp:default: Job OK (kalaerp::scheduled_job::erpnext.erpnext_integrations.doctype.plaid_settings.plaid_settings.automatic_synchronization)
2025-02-28 14:00:39,923 Result is kept for 600 seconds
2025-02-28 14:00:39,928 home-dell-kalaerp:default: frappe.utils.background_jobs.execute_job(event=None, is_async=True, job_name='frappe.core.doctype.scheduled_job_type.scheduled_job_type.run_scheduled_jo..., kwargs={'job_type': 'erpnext.manufacturing.doctype.bom_update_log.bom_update_log.r..., method='frappe.core.doctype.scheduled_job_type.scheduled_job_type.run_scheduled_jo..., site='kalaerp', user='Administrator') (kalaerp::scheduled_job::erpnext.manufacturing.doctype.bom_update_log.bom_update_log.resume_bom_cost_update_jobs)
2025-02-28 14:00:40,146 home-dell-kalaerp:default: Job OK (kalaerp::scheduled_job::erpnext.manufacturing.doctype.bom_update_log.bom_update_log.resume_bom_cost_update_jobs)
2025-02-28 14:00:40,146 Result is kept for 600 seconds
2025-02-28 14:00:40,151 home-dell-kalaerp:default: frappe.utils.background_jobs.execute_job(event=None, is_async=True, job_name='frappe.core.doctype.scheduled_job_type.scheduled_job_type.run_scheduled_jo..., kwargs={'job_type': 'frappe.monitor.flush'}, method='frappe.core.doctype.scheduled_job_type.scheduled_job_type.run_scheduled_jo..., site='kalaerp', user='Administrator') (kalaerp::scheduled_job::frappe.monitor.flush)
2025-02-28 14:00:40,335 home-dell-kalaerp:default: Job OK (kalaerp::scheduled_job::frappe.monitor.flush)
2025-02-28 14:00:40,335 Result is kept for 600 seconds
2025-02-28 14:00:40,340 home-dell-kalaerp:default: frappe.utils.background_jobs.execute_job(event=None, is_async=True, job_name='frappe.core.doctype.scheduled_job_type.scheduled_job_type.run_scheduled_jo..., kwargs={'job_type': 'frappe.utils.global_search.sync_global_search'}, method='frappe.core.doctype.scheduled_job_type.scheduled_job_type.run_scheduled_jo..., site='kalaerp', user='Administrator') (kalaerp::scheduled_job::frappe.utils.global_search.sync_global_search)
2025-02-28 14:00:40,548 home-dell-kalaerp:default: Job OK (kalaerp::scheduled_job::frappe.utils.global_search.sync_global_search)
2025-02-28 14:00:40,548 Result is kept for 600 seconds
2025-02-28 14:00:40,553 home-dell-kalaerp:default: frappe.utils.background_jobs.execute_job(event=None, is_async=True, job_name='frappe.core.doctype.scheduled_job_type.scheduled_job_type.run_scheduled_jo..., kwargs={'job_type': 'erpnext.projects.doctype.project.project.hourly_reminder'}, method='frappe.core.doctype.scheduled_job_type.scheduled_job_type.run_scheduled_jo..., site='kalaerp', user='Administrator') (kalaerp::scheduled_job::erpnext.projects.doctype.project.project.hourly_reminder)
2025-02-28 14:00:40,773 home-dell-kalaerp:default: Job OK (kalaerp::scheduled_job::erpnext.projects.doctype.project.project.hourly_reminder)
2025-02-28 14:00:40,773 Result is kept for 600 seconds
2025-02-28 14:00:40,779 home-dell-kalaerp:default: frappe.utils.background_jobs.execute_job(event=None, is_async=True, job_name='frappe.core.doctype.scheduled_job_type.scheduled_job_type.run_scheduled_jo..., kwargs={'job_type': 'frappe.deferred_insert.save_to_db'}, method='frappe.core.doctype.scheduled_job_type.scheduled_job_type.run_scheduled_jo..., site='kalaerp', user='Administrator') (kalaerp::scheduled_job::frappe.deferred_insert.save_to_db)
2025-02-28 14:00:40,986 home-dell-kalaerp:default: Job OK (kalaerp::scheduled_job::frappe.deferred_insert.save_to_db)
2025-02-28 14:00:40,986 Result is kept for 600 seconds
2025-02-28 14:00:40,992 home-dell-kalaerp:default: frappe.utils.background_jobs.execute_job(event=None, is_async=True, job_name='frappe.core.doctype.scheduled_job_type.scheduled_job_type.run_scheduled_jo..., kwargs={'job_type': 'frappe.email.doctype.email_account.email_account.pull'}, method='frappe.core.doctype.scheduled_job_type.scheduled_job_type.run_scheduled_jo..., site='kalaerp', user='Administrator') (kalaerp::scheduled_job::frappe.email.doctype.email_account.email_account.pull)
2025-02-28 14:00:41,220 home-dell-kalaerp:default: Job OK (kalaerp::scheduled_job::frappe.email.doctype.email_account.email_account.pull)
2025-02-28 14:00:41,220 Result is kept for 600 seconds
2025-02-28 14:00:41,226 home-dell-kalaerp:default: frappe.utils.background_jobs.execute_job(event=None, is_async=True, job_name='frappe.core.doctype.scheduled_job_type.scheduled_job_type.run_scheduled_jo..., kwargs={'job_type': 'hrms.hr.doctype.daily_work_summary_group.daily_work_summary_g..., method='frappe.core.doctype.scheduled_job_type.scheduled_job_type.run_scheduled_jo..., site='kalaerp', user='Administrator') (kalaerp::scheduled_job::hrms.hr.doctype.daily_work_summary_group.daily_work_summary_group.trigger_emails)
2025-02-28 14:00:41,436 home-dell-kalaerp:default: Job OK (kalaerp::scheduled_job::hrms.hr.doctype.daily_work_summary_group.daily_work_summary_group.trigger_emails)
2025-02-28 14:00:41,436 Result is kept for 600 seconds
2025-02-28 14:00:41,442 home-dell-kalaerp:default: frappe.utils.background_jobs.execute_job(event=None, is_async=True, job_name='frappe.core.doctype.scheduled_job_type.scheduled_job_type.run_scheduled_jo..., kwargs={'job_type': 'frappe.email.queue.flush'}, method='frappe.core.doctype.scheduled_job_type.scheduled_job_type.run_scheduled_jo..., site='kalaerp', user='Administrator') (kalaerp::scheduled_job::frappe.email.queue.flush)
2025-02-28 14:00:41,697 home-dell-kalaerp:default: Job OK (kalaerp::scheduled_job::frappe.email.queue.flush)
2025-02-28 14:00:41,697 Result is kept for 600 seconds
2025-02-28 14:00:41,704 home-dell-kalaerp:default: frappe.utils.background_jobs.execute_job(event=None, is_async=True, job_name='frappe.core.doctype.scheduled_job_type.scheduled_job_type.run_scheduled_jo..., kwargs={'job_type': 'frappe.oauth.delete_oauth2_data'}, method='frappe.core.doctype.scheduled_job_type.scheduled_job_type.run_scheduled_jo..., site='kalaerp', user='Administrator') (kalaerp::scheduled_job::frappe.oauth.delete_oauth2_data)
2025-02-28 14:00:41,926 home-dell-kalaerp:default: Job OK (kalaerp::scheduled_job::frappe.oauth.delete_oauth2_data)
2025-02-28 14:00:41,926 Result is kept for 600 seconds
2025-02-28 14:00:41,932 home-dell-kalaerp:default: frappe.utils.background_jobs.execute_job(event=None, is_async=True, job_name='frappe.core.doctype.scheduled_job_type.scheduled_job_type.run_scheduled_jo..., kwargs={'job_type': 'frappe.automation.doctype.reminder.reminder.send_reminders'}, method='frappe.core.doctype.scheduled_job_type.scheduled_job_type.run_scheduled_jo..., site='kalaerp', user='Administrator') (kalaerp::scheduled_job::frappe.automation.doctype.reminder.reminder.send_reminders)
2025-02-28 14:00:42,144 home-dell-kalaerp:default: Job OK (kalaerp::scheduled_job::frappe.automation.doctype.reminder.reminder.send_reminders)
2025-02-28 14:00:42,144 Result is kept for 600 seconds
2025-02-28 14:00:42,150 home-dell-kalaerp:default: frappe.utils.background_jobs.execute_job(event=None, is_async=True, job_name='frappe.core.doctype.scheduled_job_type.scheduled_job_type.run_scheduled_jo..., kwargs={'job_type': 'frappe.integrations.doctype.google_calendar.google_calendar.s..., method='frappe.core.doctype.scheduled_job_type.scheduled_job_type.run_scheduled_jo..., site='kalaerp', user='Administrator') (kalaerp::scheduled_job::frappe.integrations.doctype.google_calendar.google_calendar.sync)
2025-02-28 14:00:42,513 home-dell-kalaerp:default: Job OK (kalaerp::scheduled_job::frappe.integrations.doctype.google_calendar.google_calendar.sync)
2025-02-28 14:00:42,513 Result is kept for 600 seconds
2025-02-28 14:00:42,520 home-dell-kalaerp:default: frappe.utils.background_jobs.execute_job(event=None, is_async=True, job_name='frappe.core.doctype.scheduled_job_type.scheduled_job_type.run_scheduled_jo..., kwargs={'job_type': 'frappe.email.doctype.newsletter.newsletter.send_scheduled_ema..., method='frappe.core.doctype.scheduled_job_type.scheduled_job_type.run_scheduled_jo..., site='kalaerp', user='Administrator') (kalaerp::scheduled_job::frappe.email.doctype.newsletter.newsletter.send_scheduled_email)
2025-02-28 14:00:42,761 home-dell-kalaerp:default: Job OK (kalaerp::scheduled_job::frappe.email.doctype.newsletter.newsletter.send_scheduled_email)
2025-02-28 14:00:42,761 Result is kept for 600 seconds
2025-02-28 14:00:42,767 home-dell-kalaerp:default: frappe.utils.background_jobs.execute_job(event=None, is_async=True, job_name='frappe.core.doctype.scheduled_job_type.scheduled_job_type.run_scheduled_jo..., kwargs={'job_type': 'erpnext.projects.doctype.project.project.project_status_updat..., method='frappe.core.doctype.scheduled_job_type.scheduled_job_type.run_scheduled_jo..., site='kalaerp', user='Administrator') (kalaerp::scheduled_job::erpnext.projects.doctype.project.project.project_status_update_reminder)
2025-02-28 14:00:42,993 home-dell-kalaerp:default: Job OK (kalaerp::scheduled_job::erpnext.projects.doctype.project.project.project_status_update_reminder)
2025-02-28 14:00:42,993 Result is kept for 600 seconds
2025-02-28 14:00:43,000 home-dell-kalaerp:default: frappe.utils.background_jobs.execute_job(event=None, is_async=True, job_name='frappe.core.doctype.scheduled_job_type.scheduled_job_type.run_scheduled_jo..., kwargs={'job_type': 'frappe.email.doctype.email_account.email_account.notify_unrep..., method='frappe.core.doctype.scheduled_job_type.scheduled_job_type.run_scheduled_jo..., site='kalaerp', user='Administrator') (kalaerp::scheduled_job::frappe.email.doctype.email_account.email_account.notify_unreplied)
2025-02-28 14:00:43,220 home-dell-kalaerp:default: Job OK (kalaerp::scheduled_job::frappe.email.doctype.email_account.email_account.notify_unreplied)
2025-02-28 14:00:43,221 Result is kept for 600 seconds
2025-02-28 14:00:43,226 home-dell-kalaerp:default: frappe.utils.background_jobs.execute_job(event=None, is_async=True, job_name='frappe.core.doctype.scheduled_job_type.scheduled_job_type.run_scheduled_jo..., kwargs={'job_type': 'frappe.website.doctype.personal_data_deletion_request.persona..., method='frappe.core.doctype.scheduled_job_type.scheduled_job_type.run_scheduled_jo..., site='kalaerp', user='Administrator') (kalaerp::scheduled_job::frappe.website.doctype.personal_data_deletion_request.personal_data_deletion_request.process_data_deletion_request)
2025-02-28 14:00:43,440 home-dell-kalaerp:default: Job OK (kalaerp::scheduled_job::frappe.website.doctype.personal_data_deletion_request.personal_data_deletion_request.process_data_deletion_request)
2025-02-28 14:00:43,441 Result is kept for 600 seconds
2025-02-28 14:01:37,994 home-dell-kalaerp:long: frappe.utils.background_jobs.execute_job(event=None, is_async=True, job_name='frappe.core.doctype.scheduled_job_type.scheduled_job_type.run_scheduled_jo..., kwargs={'job_type': 'hrms.hr.doctype.shift_type.shift_type.update_last_sync_of_che..., method='frappe.core.doctype.scheduled_job_type.scheduled_job_type.run_scheduled_jo..., site='kalaerp', user='Administrator') (kalaerp::scheduled_job::hrms.hr.doctype.shift_type.shift_type.update_last_sync_of_checkin)
2025-02-28 14:01:38,227 home-dell-kalaerp:long: Job OK (kalaerp::scheduled_job::hrms.hr.doctype.shift_type.shift_type.update_last_sync_of_checkin)
2025-02-28 14:01:38,227 Result is kept for 600 seconds
2025-02-28 14:01:38,233 home-dell-kalaerp:long: frappe.utils.background_jobs.execute_job(event=None, is_async=True, job_name='frappe.core.doctype.scheduled_job_type.scheduled_job_type.run_scheduled_jo..., kwargs={'job_type': 'hrms.hr.doctype.shift_schedule_assignment.shift_schedule_assi..., method='frappe.core.doctype.scheduled_job_type.scheduled_job_type.run_scheduled_jo..., site='kalaerp', user='Administrator') (kalaerp::scheduled_job::hrms.hr.doctype.shift_schedule_assignment.shift_schedule_assignment.process_auto_shift_creation)
2025-02-28 14:01:38,448 home-dell-kalaerp:long: Job OK (kalaerp::scheduled_job::hrms.hr.doctype.shift_schedule_assignment.shift_schedule_assignment.process_auto_shift_creation)
2025-02-28 14:01:38,448 Result is kept for 600 seconds
2025-02-28 14:02:38,411 home-dell-kalaerp:long: frappe.utils.background_jobs.execute_job(event=None, is_async=True, job_name='frappe.core.doctype.scheduled_job_type.scheduled_job_type.run_scheduled_jo..., kwargs={'job_type': 'erpnext.utilities.bulk_transaction.retry'}, method='frappe.core.doctype.scheduled_job_type.scheduled_job_type.run_scheduled_jo..., site='kalaerp', user='Administrator') (kalaerp::scheduled_job::erpnext.utilities.bulk_transaction.retry)
2025-02-28 14:02:38,624 home-dell-kalaerp:long: Job OK (kalaerp::scheduled_job::erpnext.utilities.bulk_transaction.retry)
2025-02-28 14:02:38,624 Result is kept for 600 seconds
2025-02-28 14:03:38,730 home-dell-kalaerp:long: frappe.utils.background_jobs.execute_job(event=None, is_async=True, job_name='frappe.core.doctype.scheduled_job_type.scheduled_job_type.run_scheduled_jo..., kwargs={'job_type': 'hrms.hr.doctype.shift_type.shift_type.process_auto_attendance..., method='frappe.core.doctype.scheduled_job_type.scheduled_job_type.run_scheduled_jo..., site='kalaerp', user='Administrator') (kalaerp::scheduled_job::hrms.hr.doctype.shift_type.shift_type.process_auto_attendance_for_all_shifts)
2025-02-28 14:03:38,948 home-dell-kalaerp:long: Job OK (kalaerp::scheduled_job::hrms.hr.doctype.shift_type.shift_type.process_auto_attendance_for_all_shifts)
2025-02-28 14:03:38,949 Result is kept for 600 seconds
2025-02-28 14:04:38,958 home-dell-kalaerp:default: frappe.utils.background_jobs.execute_job(event=None, is_async=True, job_name='frappe.core.doctype.scheduled_job_type.scheduled_job_type.run_scheduled_jo..., kwargs={'job_type': 'hrms.hr.doctype.interview.interview.send_interview_reminder'}, method='frappe.core.doctype.scheduled_job_type.scheduled_job_type.run_scheduled_jo..., site='kalaerp', user='Administrator') (kalaerp::scheduled_job::hrms.hr.doctype.interview.interview.send_interview_reminder)
2025-02-28 14:04:39,153 home-dell-kalaerp:default: Job OK (kalaerp::scheduled_job::hrms.hr.doctype.interview.interview.send_interview_reminder)
2025-02-28 14:04:39,154 Result is kept for 600 seconds
2025-02-28 14:04:39,159 home-dell-kalaerp:default: frappe.utils.background_jobs.execute_job(event=None, is_async=True, job_name='frappe.core.doctype.scheduled_job_type.scheduled_job_type.run_scheduled_jo..., kwargs={'job_type': 'frappe.monitor.flush'}, method='frappe.core.doctype.scheduled_job_type.scheduled_job_type.run_scheduled_jo..., site='kalaerp', user='Administrator') (kalaerp::scheduled_job::frappe.monitor.flush)
2025-02-28 14:04:39,337 home-dell-kalaerp:default: Job OK (kalaerp::scheduled_job::frappe.monitor.flush)
2025-02-28 14:04:39,337 Result is kept for 600 seconds
2025-02-28 14:04:39,346 home-dell-kalaerp:default: frappe.utils.background_jobs.execute_job(event=None, is_async=True, job_name='frappe.core.doctype.scheduled_job_type.scheduled_job_type.run_scheduled_jo..., kwargs={'job_type': 'frappe.email.queue.flush'}, method='frappe.core.doctype.scheduled_job_type.scheduled_job_type.run_scheduled_jo..., site='kalaerp', user='Administrator') (kalaerp::scheduled_job::frappe.email.queue.flush)
2025-02-28 14:04:39,598 home-dell-kalaerp:default: Job OK (kalaerp::scheduled_job::frappe.email.queue.flush)
2025-02-28 14:04:39,598 Result is kept for 600 seconds
2025-02-28 14:06:39,670 home-dell-kalaerp:long: frappe.utils.background_jobs.execute_job(event=None, is_async=True, job_name='frappe.core.doctype.scheduled_job_type.scheduled_job_type.run_scheduled_jo..., kwargs={'job_type': 'erpnext.stock.doctype.repost_item_valuation.repost_item_valua..., method='frappe.core.doctype.scheduled_job_type.scheduled_job_type.run_scheduled_jo..., site='kalaerp', user='Administrator') (kalaerp::scheduled_job::erpnext.stock.doctype.repost_item_valuation.repost_item_valuation.repost_entries)
2025-02-28 14:06:39,884 home-dell-kalaerp:long: Job OK (kalaerp::scheduled_job::erpnext.stock.doctype.repost_item_valuation.repost_item_valuation.repost_entries)
2025-02-28 14:06:39,884 Result is kept for 600 seconds
2025-02-28 14:08:40,292 home-dell-kalaerp:default: frappe.utils.background_jobs.execute_job(event=None, is_async=True, job_name='frappe.core.doctype.scheduled_job_type.scheduled_job_type.run_scheduled_jo..., kwargs={'job_type': 'frappe.email.queue.flush'}, method='frappe.core.doctype.scheduled_job_type.scheduled_job_type.run_scheduled_jo..., site='kalaerp', user='Administrator') (kalaerp::scheduled_job::frappe.email.queue.flush)
2025-02-28 14:08:40,558 home-dell-kalaerp:default: Job OK (kalaerp::scheduled_job::frappe.email.queue.flush)
2025-02-28 14:08:40,558 Result is kept for 600 seconds
2025-02-28 14:08:40,564 home-dell-kalaerp:default: frappe.utils.background_jobs.execute_job(event=None, is_async=True, job_name='frappe.core.doctype.scheduled_job_type.scheduled_job_type.run_scheduled_jo..., kwargs={'job_type': 'hrms.hr.doctype.interview.interview.send_interview_reminder'}, method='frappe.core.doctype.scheduled_job_type.scheduled_job_type.run_scheduled_jo..., site='kalaerp', user='Administrator') (kalaerp::scheduled_job::hrms.hr.doctype.interview.interview.send_interview_reminder)
2025-02-28 14:08:40,749 home-dell-kalaerp:default: Job OK (kalaerp::scheduled_job::hrms.hr.doctype.interview.interview.send_interview_reminder)
2025-02-28 14:08:40,750 Result is kept for 600 seconds
2025-02-28 14:08:40,755 home-dell-kalaerp:default: frappe.utils.background_jobs.execute_job(event=None, is_async=True, job_name='frappe.core.doctype.scheduled_job_type.scheduled_job_type.run_scheduled_jo..., kwargs={'job_type': 'frappe.monitor.flush'}, method='frappe.core.doctype.scheduled_job_type.scheduled_job_type.run_scheduled_jo..., site='kalaerp', user='Administrator') (kalaerp::scheduled_job::frappe.monitor.flush)
2025-02-28 14:08:40,938 home-dell-kalaerp:default: Job OK (kalaerp::scheduled_job::frappe.monitor.flush)
2025-02-28 14:08:40,938 Result is kept for 600 seconds
2025-02-28 14:10:41,080 home-dell-kalaerp:default: frappe.utils.background_jobs.execute_job(event=None, is_async=True, job_name='frappe.core.doctype.scheduled_job_type.scheduled_job_type.run_scheduled_jo..., kwargs={'job_type': 'frappe.email.doctype.email_account.email_account.pull'}, method='frappe.core.doctype.scheduled_job_type.scheduled_job_type.run_scheduled_jo..., site='kalaerp', user='Administrator') (kalaerp::scheduled_job::frappe.email.doctype.email_account.email_account.pull)
2025-02-28 14:10:41,319 home-dell-kalaerp:default: Job OK (kalaerp::scheduled_job::frappe.email.doctype.email_account.email_account.pull)
2025-02-28 14:10:41,320 Result is kept for 600 seconds
2025-02-28 14:12:41,712 home-dell-kalaerp:default: frappe.utils.background_jobs.execute_job(event=None, is_async=True, job_name='frappe.core.doctype.scheduled_job_type.scheduled_job_type.run_scheduled_jo..., kwargs={'job_type': 'frappe.monitor.flush'}, method='frappe.core.doctype.scheduled_job_type.scheduled_job_type.run_scheduled_jo..., site='kalaerp', user='Administrator') (kalaerp::scheduled_job::frappe.monitor.flush)
2025-02-28 14:12:41,908 home-dell-kalaerp:default: Job OK (kalaerp::scheduled_job::frappe.monitor.flush)
2025-02-28 14:12:41,908 Result is kept for 600 seconds
2025-02-28 14:12:41,913 home-dell-kalaerp:default: frappe.utils.background_jobs.execute_job(event=None, is_async=True, job_name='frappe.core.doctype.scheduled_job_type.scheduled_job_type.run_scheduled_jo..., kwargs={'job_type': 'hrms.hr.doctype.interview.interview.send_interview_reminder'}, method='frappe.core.doctype.scheduled_job_type.scheduled_job_type.run_scheduled_jo..., site='kalaerp', user='Administrator') (kalaerp::scheduled_job::hrms.hr.doctype.interview.interview.send_interview_reminder)
2025-02-28 14:12:42,107 home-dell-kalaerp:default: Job OK (kalaerp::scheduled_job::hrms.hr.doctype.interview.interview.send_interview_reminder)
2025-02-28 14:12:42,107 Result is kept for 600 seconds
2025-02-28 14:12:42,113 home-dell-kalaerp:default: frappe.utils.background_jobs.execute_job(event=None, is_async=True, job_name='frappe.core.doctype.scheduled_job_type.scheduled_job_type.run_scheduled_jo..., kwargs={'job_type': 'frappe.email.queue.flush'}, method='frappe.core.doctype.scheduled_job_type.scheduled_job_type.run_scheduled_jo..., site='kalaerp', user='Administrator') (kalaerp::scheduled_job::frappe.email.queue.flush)
2025-02-28 14:12:42,443 home-dell-kalaerp:default: Job OK (kalaerp::scheduled_job::frappe.email.queue.flush)
2025-02-28 14:12:42,443 Result is kept for 600 seconds
